id,spd,len,dec,rd,dt,val,rd_i,rd_s,rd_l,rd_v
0,195.0,6.8,kdmmoXxkfT,i=0;l=6.8;v=F;s=195,9/29/2025,F,0,195,6.8,F
1,123.0,8.7,iWatxPHTPT,l=8.7;v=T;s=123;i=1,11/23/2025,T,1,123,8.7,T
2,222.0,8.4,pordUQ3vBa,v=T;i=2;l=8.4;s=222,11/19/2025,T,2,222,8.4,T
3,82.0,9.5,16LkodUACt,v=F;s=82;i=3;l=9.5,8/25/2025,F,3,82,9.5,F
4,24.0,7.2,SIsDeqgHgz,s=24;i=4;v=F;l=7.2,8/23/2025,F,4,24,7.2,F
5,110.0,10.7,MLgwDMCqXa,l=10.7;i=5;v=T;s=110,12/18/2025,T,5,110,10.7,T
6,20.0,6.4,FAlVl6RmrU,i=6;v=T;l=6.4;s=20,11/4/2025,T,6,20,6.4,T
7,236.0,6.9,VmpRQc8zgm,s=236;v=T;l=6.9;i=7,10/29/2025,T,7,236,6.9,T
8,41.0,9.7,RymAKXoTI5,v=T;i=8;l=9.7;s=41,8/2/2025,T,8,41,9.7,T
9,34.0,10.0,tLd7twEIfS,s=34;v=F;l=10.0;i=9,9/3/2025,F,9,34,10.0,F
10,134.0,6.9,X1nVRKUGfX,i=10;s=134;l=6.9;v=T,12/10/2025,T,10,134,6.9,T
11,180.0,7.6,dI4XUonIto,l=7.6;v=F;i=11;s=180,10/10/2025,F,11,180,7.6,F
12,243.0,8.5,mHTzCgxLhi,s=243;i=12;v=T;l=8.5,8/20/2025,T,12,243,8.5,T
13,176.0,9.4,QkPvsjhCWV,v=F;l=9.4;i=13;s=176,10/22/2025,F,13,176,9.4,F
14,204.0,9.1,t1uhG51EGU,v=T;l=9.1;s=204;i=14,9/8/2025,T,14,204,9.1,T
15,137.0,8.3,820WqOLu2m,v=F;i=15;l=8.3;s=137,7/26/2025,F,15,137,8.3,F
16,187.0,7.4,OCwPHNbLlj,s=187;v=F;i=16;l=7.4,11/7/2025,F,16,187,7.4,F
17,208.0,6.2,1DctVjjXSs,s=208;i=17;l=6.2;v=T,12/30/2025,T,17,208,6.2,T
18,203.0,8.4,HwyRBTeqwa,s=203;l=8.4;i=18;v=F,7/20/2025,F,18,203,8.4,F
19,9.0,5.5,NnVDRAdbES,v=T;i=19;l=5.5;s=9,9/14/2025,T,19,9,5.5,T
20,6.0,10.2,XdhFEnVQUZ,i=20;v=T;l=10.2;s=6,11/9/2025,T,20,6,10.2,T
21,74.0,5.8,S0d4yZ5Zyd,l=5.8;v=T;i=21;s=74,12/29/2025,T,21,74,5.8,T
22,54.0,9.1,9YnV3J8a69,s=54;l=9.1;i=22;v=T,7/27/2025,T,22,54,9.1,T
23,74.0,8.8,LiXFBX4Kz5,s=74;l=8.8;v=F;i=23,10/5/2025,F,23,74,8.8,F
24,204.0,10.1,IzjxoI2Kse,i=24;l=10.1;s=204;v=T,7/5/2025,T,24,204,10.1,T
25,211.0,7.1,Yt8e8jPxBt,v=T;s=211;i=25;l=7.1,9/6/2025,T,25,211,7.1,T
26,7.0,8.7,OhGkPx0f4q,v=T;l=8.7;s=7;i=26,8/3/2025,T,26,7,8.7,T
27,83.0,7.4,1zh159qtVy,v=T;i=27;s=83;l=7.4,10/3/2025,T,27,83,7.4,T
28,13.0,8.2,fIxesbdt9l,i=28;l=8.2;s=13;v=T,10/21/2025,T,28,13,8.2,T
29,192.0,10.0,EP3jaKlQNv,s=192;i=29;v=F;l=10.0,6/25/2025,F,29,192,10.0,F
30,62.0,10.6,ToqLVGkjEB,s=62;l=10.6;i=30;v=T,9/6/2025,T,30,62,10.6,T
31,64.0,7.5,p2Mbp2fhhk,v=T;i=31;s=64;l=7.5,12/9/2025,T,31,64,7.5,T
32,87.0,7.5,kD7VGpR7BK,s=87;v=T;l=7.5;i=32,9/7/2025,T,32,87,7.5,T
33,192.0,8.8,Cmi4CMhfVI,v=T;s=192;i=33;l=8.8,8/18/2025,T,33,192,8.8,T
34,18.0,7.1,N3QJS80dmS,s=18;l=7.1;v=F;i=34,6/26/2025,F,34,18,7.1,F
35,53.0,8.5,Oo6Z0HFHYm,s=53;v=T;i=35;l=8.5,8/15/2025,T,35,53,8.5,T
36,103.0,10.0,v7cJaNhr16,i=36;s=103;v=T;l=10.0,9/4/2025,T,36,103,10.0,T
37,1.0,8.7,CJE3nULVDf,i=37;l=8.7;s=1;v=F,8/23/2025,F,37,1,8.7,F
38,149.0,5.6,n5v5wSEhBo,v=T;s=149;l=5.6;i=38,1/4/2026,T,38,149,5.6,T
39,117.0,9.1,wtR1iYmdoJ,i=39;l=9.1;s=117;v=T,10/4/2025,T,39,117,9.1,T
40,181.0,9.6,1x5zp6hyRy,l=9.6;i=40;s=181;v=T,9/13/2025,T,40,181,9.6,T
41,154.0,9.1,DcyXlwzhAi,l=9.1;i=41;v=F;s=154,6/25/2025,F,41,154,9.1,F
42,3.0,10.5,RtUi07orDp,s=3;i=42;l=10.5;v=T,7/26/2025,T,42,3,10.5,T
43,103.0,8.7,XbL8UkLMHS,v=T;s=103;i=43;l=8.7,10/17/2025,T,43,103,8.7,T
44,142.0,8.2,NYkQmGcMHV,s=142;v=F;i=44;l=8.2,11/12/2025,F,44,142,8.2,F
45,59.0,8.7,YzPKP3GhMa,l=8.7;s=59;v=F;i=45,1/4/2026,F,45,59,8.7,F
46,167.0,5.7,wL5QpZQ7WT,s=167;l=5.7;i=46;v=T,7/22/2025,T,46,167,5.7,T
47,178.0,9.6,vguniyz8Hk,s=178;l=9.6;i=47;v=F,1/4/2026,F,47,178,9.6,F
48,93.0,10.8,JfbyzYAyFc,i=48;s=93;v=F;l=10.8,10/13/2025,F,48,93,10.8,F
49,210.0,7.3,1GHLtnPo7x,s=210;v=F;l=7.3;i=49,9/30/2025,F,49,210,7.3,F
50,157.0,9.8,Ug95StQwjR,s=157;v=F;l=9.8;i=50,8/13/2025,F,50,157,9.8,F
51,24.0,10.7,77bnrjljci,v=T;i=51;l=10.7;s=24,9/3/2025,T,51,24,10.7,T
52,92.0,8.2,2NMogTK2fi,l=8.2;i=52;v=T;s=92,7/9/2025,T,52,92,8.2,T
53,76.0,9.3,z5GbRt2f90,l=9.3;s=76;i=53;v=F,7/6/2025,F,53,76,9.3,F
54,17.0,9.6,GtD808uzKh,l=9.6;v=F;i=54;s=17,9/26/2025,F,54,17,9.6,F
55,46.0,9.6,ttjncHwoBr,s=46;l=9.6;i=55;v=F,12/17/2025,F,55,46,9.6,F
56,31.0,10.3,3qmYYykhSZ,i=56;l=10.3;s=31;v=T,12/18/2025,T,56,31,10.3,T
57,130.0,9.6,nlFzDcdqqC,v=T;i=57;l=9.6;s=130,12/29/2025,T,57,130,9.6,T
58,9.0,7.9,q3v9h6RQNY,v=T;s=9;l=7.9;i=58,11/21/2025,T,58,9,7.9,T
59,168.0,9.8,Xn4hLyra9c,v=F;s=168;i=59;l=9.8,12/25/2025,F,59,168,9.8,F
60,111.0,10.8,RgSf2pDitK,v=T;l=10.8;i=60;s=111,8/6/2025,T,60,111,10.8,T
61,146.0,7.6,UkCjoZuEMo,l=7.6;v=F;i=61;s=146,9/18/2025,F,61,146,7.6,F
62,17.0,10.1,UKrSAkgCdl,s=17;i=62;v=F;l=10.1,10/19/2025,F,62,17,10.1,F
63,55.0,9.4,WkOsSHFCys,v=T;i=63;l=9.4;s=55,6/28/2025,T,63,55,9.4,T
64,65.0,6.2,6eVgRrBLyI,v=T;s=65;l=6.2;i=64,10/2/2025,T,64,65,6.2,T
65,183.0,6.1,qMAWNW5uP9,s=183;l=6.1;i=65;v=T,7/12/2025,T,65,183,6.1,T
66,208.0,6.1,5k2UhhnGoA,v=F;l=6.1;s=208;i=66,11/26/2025,F,66,208,6.1,F
67,239.0,7.3,KJmIzHQ0M3,s=239;v=T;i=67;l=7.3,8/31/2025,T,67,239,7.3,T
68,22.0,7.1,GSsQ96ZvFw,i=68;v=F;s=22;l=7.1,12/2/2025,F,68,22,7.1,F
69,37.0,6.8,hKh9TdXvs6,s=37;l=6.8;v=T;i=69,10/22/2025,T,69,37,6.8,T
70,46.0,9.6,qcTxWHmvqs,i=70;l=9.6;v=F;s=46,9/22/2025,F,70,46,9.6,F
71,200.0,6.6,dfHAmT4LeW,l=6.6;s=200;v=T;i=71,11/1/2025,T,71,200,6.6,T
72,98.0,9.7,UMF3jMpZlq,v=F;s=98;l=9.7;i=72,8/23/2025,F,72,98,9.7,F
73,87.0,10.1,ykFjfCXPKv,l=10.1;s=87;v=F;i=73,7/23/2025,F,73,87,10.1,F
74,163.0,10.3,JtzgHsji7n,s=163;l=10.3;v=F;i=74,9/19/2025,F,74,163,10.3,F
75,206.0,7.4,M7wf3la8Id,s=206;v=F;i=75;l=7.4,8/19/2025,F,75,206,7.4,F
76,218.0,8.4,Me1Fj3CuN2,v=T;i=76;l=8.4;s=218,12/30/2025,T,76,218,8.4,T
77,240.0,8.1,WKGoq7aJDG,s=240;l=8.1;v=T;i=77,8/28/2025,T,77,240,8.1,T
78,188.0,8.1,z5HOTXFIhj,l=8.1;i=78;s=188;v=F,9/8/2025,F,78,188,8.1,F
79,62.0,8.6,ZuGLFxBsrG,i=79;v=T;l=8.6;s=62,8/10/2025,T,79,62,8.6,T
80,224.0,10.2,QPyJ47kKTv,l=10.2;v=T;s=224;i=80,12/21/2025,T,80,224,10.2,T
81,210.0,10.8,t2euSly0pY,i=81;l=10.8;s=210;v=F,8/24/2025,F,81,210,10.8,F
82,230.0,9.2,AtfOgSm7hG,i=82;s=230;l=9.2;v=F,6/25/2025,F,82,230,9.2,F
83,166.0,6.6,MzHtdsfMej,i=83;v=F;l=6.6;s=166,10/21/2025,F,83,166,6.6,F
84,13.0,6.2,DQ4UDQm1hz,i=84;s=13;v=T;l=6.2,11/19/2025,T,84,13,6.2,T
85,83.0,9.2,om3OJGHx2E,i=85;s=83;l=9.2;v=F,7/16/2025,F,85,83,9.2,F
86,105.0,8.3,Og9TRrIF5Z,l=8.3;s=105;i=86;v=F,7/24/2025,F,86,105,8.3,F
87,123.0,6.2,fj7W1SWnWO,v=T;i=87;s=123;l=6.2,12/7/2025,T,87,123,6.2,T
88,212.0,10.8,05XR3wWFyr,s=212;i=88;l=10.8;v=F,7/2/2025,F,88,212,10.8,F
89,138.0,6.9,X7KgXXSJyK,v=T;i=89;s=138;l=6.9,10/26/2025,T,89,138,6.9,T
90,116.0,8.6,DtZd5htV8Z,s=116;l=8.6;i=90;v=T,10/15/2025,T,90,116,8.6,T
91,47.0,8.2,1PfJaQyxPf,v=F;s=47;l=8.2;i=91,12/21/2025,F,91,47,8.2,F
92,113.0,8.3,gSQkUSU3Yi,i=92;l=8.3;v=T;s=113,9/8/2025,T,92,113,8.3,T
93,212.0,10.3,z39hk4MkHC,s=212;l=10.3;v=T;i=93,7/9/2025,T,93,212,10.3,T
94,39.0,6.7,8zs5HgE99T,i=94;l=6.7;s=39;v=F,12/4/2025,F,94,39,6.7,F
95,14.0,7.5,NbofBiKXHF,s=14;l=7.5;i=95;v=T,8/7/2025,T,95,14,7.5,T
96,188.0,10.3,yQOgKAFyjs,l=10.3;s=188;v=F;i=96,9/3/2025,F,96,188,10.3,F
97,72.0,9.8,h4USmaceFM,v=F;i=97;l=9.8;s=72,11/10/2025,F,97,72,9.8,F
98,12.0,9.0,CJkWW55v7h,l=9.0;i=98;s=12;v=F,12/23/2025,F,98,12,9.0,F
99,8.0,10.8,yTtbvQvvfa,s=8;l=10.8;v=F;i=99,8/5/2025,F,99,8,10.8,F
100,173.0,8.4,auuct9mZBj,i=100;s=173;l=8.4;v=T,12/27/2025,T,100,173,8.4,T
101,179.0,6.5,nH0323RbN5,s=179;v=F;l=6.5;i=101,8/8/2025,F,101,179,6.5,F
102,176.0,10.6,l7Qh5SsNCO,s=176;l=10.6;i=102;v=F,10/19/2025,F,102,176,10.6,F
103,204.0,7.5,wV5t7D9wGi,v=F;s=204;i=103;l=7.5,6/22/2025,F,103,204,7.5,F
104,214.0,6.6,SnSYcC77E9,v=T;l=6.6;i=104;s=214,12/24/2025,T,104,214,6.6,T
105,3.0,7.1,iRO11TSijF,i=105;s=3;v=T;l=7.1,12/29/2025,T,105,3,7.1,T
106,238.0,9.2,Uw6pF8Pxnj,s=238;v=F;i=106;l=9.2,11/13/2025,F,106,238,9.2,F
107,184.0,5.8,hI1xAp6uOw,s=184;i=107;l=5.8;v=F,11/25/2025,F,107,184,5.8,F
108,51.0,6.3,vRLhWeDD0R,i=108;s=51;v=F;l=6.3,8/28/2025,F,108,51,6.3,F
109,236.0,8.3,UP5WqLUMsl,v=T;s=236;l=8.3;i=109,10/15/2025,T,109,236,8.3,T
110,228.0,10.0,0IHXd0h8gH,i=110;l=10.0;s=228;v=F,9/26/2025,F,110,228,10.0,F
111,154.0,10.9,8pxTjeN9wB,i=111;v=T;s=154;l=10.9,12/12/2025,T,111,154,10.9,T
112,15.0,6.2,lm2E6zSrDx,s=15;i=112;v=F;l=6.2,12/19/2025,F,112,15,6.2,F
113,70.0,9.1,QGPDzE59X7,l=9.1;s=70;i=113;v=F,9/8/2025,F,113,70,9.1,F
114,47.0,6.8,YiIxgbbUjw,i=114;v=T;s=47;l=6.8,6/30/2025,T,114,47,6.8,T
115,141.0,8.9,S2bonvipIC,i=115;l=8.9;v=T;s=141,10/22/2025,T,115,141,8.9,T
116,58.0,8.9,GhasxmN9HT,l=8.9;v=T;s=58;i=116,7/22/2025,T,116,58,8.9,T
117,17.0,6.9,fYfWI3L7yp,l=6.9;v=F;i=117;s=17,8/25/2025,F,117,17,6.9,F
118,222.0,5.9,GfrUq48j6w,l=5.9;s=222;i=118;v=T,11/16/2025,T,118,222,5.9,T
119,123.0,8.4,OxncJ3RQbS,l=8.4;i=119;v=T;s=123,10/9/2025,T,119,123,8.4,T
120,34.0,10.0,yYnAgF8FqV,i=120;v=T;l=10.0;s=34,7/6/2025,T,120,34,10.0,T
121,244.0,10.0,Rum4Sf4WOi,s=244;l=10.0;v=F;i=121,9/22/2025,F,121,244,10.0,F
122,102.0,5.6,yNVraCSmsV,s=102;l=5.6;i=122;v=F,12/4/2025,F,122,102,5.6,F
123,192.0,9.1,Tcha6jDYkb,s=192;v=T;i=123;l=9.1,9/16/2025,T,123,192,9.1,T
124,218.0,10.5,EbIEnv4ZoP,v=T;l=10.5;s=218;i=124,1/2/2026,T,124,218,10.5,T
125,65.0,9.9,EeUPzCvpKK,v=F;s=65;i=125;l=9.9,10/22/2025,F,125,65,9.9,F
126,193.0,7.5,A4nP36LkdF,i=126;l=7.5;v=F;s=193,9/15/2025,F,126,193,7.5,F
127,19.0,6.3,TbFGFjeplr,l=6.3;v=T;i=127;s=19,12/17/2025,T,127,19,6.3,T
128,80.0,9.2,53qzmVUeh8,i=128;s=80;v=F;l=9.2,10/1/2025,F,128,80,9.2,F
129,190.0,7.6,n5B2j3Rxyl,v=F;s=190;i=129;l=7.6,9/17/2025,F,129,190,7.6,F
130,236.0,5.9,kgciWncBhI,s=236;i=130;l=5.9;v=T,8/13/2025,T,130,236,5.9,T
131,164.0,8.5,SGsaoKYkxe,s=164;v=T;l=8.5;i=131,6/20/2025,T,131,164,8.5,T
132,207.0,10.8,1Ut4T4RJa8,v=F;s=207;l=10.8;i=132,9/11/2025,F,132,207,10.8,F
133,68.0,7.0,aTTSnJLn3b,l=7.0;i=133;v=F;s=68,11/19/2025,F,133,68,7.0,F
134,109.0,10.1,luTHYluhPJ,i=134;l=10.1;v=F;s=109,12/26/2025,F,134,109,10.1,F
135,225.0,5.5,RkURvDVOhy,i=135;v=F;s=225;l=5.5,11/9/2025,F,135,225,5.5,F
136,48.0,6.5,lgh8aKd690,i=136;l=6.5;v=T;s=48,7/7/2025,T,136,48,6.5,T
137,193.0,8.6,umr0J0Wkce,v=F;l=8.6;s=193;i=137,6/25/2025,F,137,193,8.6,F
138,244.0,5.5,VSVNEMYh37,i=138;v=F;s=244;l=5.5,7/8/2025,F,138,244,5.5,F
139,172.0,6.2,Scxxk6oRlY,s=172;v=F;l=6.2;i=139,9/28/2025,F,139,172,6.2,F
140,70.0,5.7,QXPQMRGDXP,v=T;s=70;l=5.7;i=140,11/2/2025,T,140,70,5.7,T
141,13.0,9.2,C86RGDt11n,s=13;i=141;l=9.2;v=T,12/1/2025,T,141,13,9.2,T
142,208.0,5.8,T8s4JGyBNc,i=142;v=F;s=208;l=5.8,8/30/2025,F,142,208,5.8,F
143,231.0,7.4,iEjL285Kze,l=7.4;v=F;i=143;s=231,9/9/2025,F,143,231,7.4,F
144,86.0,10.0,NavdLJtgDV,v=F;l=10.0;i=144;s=86,9/24/2025,F,144,86,10.0,F
145,218.0,10.2,ipsUdQy33o,v=F;s=218;i=145;l=10.2,6/21/2025,F,145,218,10.2,F
146,3.0,6.2,eH1g7mIkYB,l=6.2;v=T;i=146;s=3,11/20/2025,T,146,3,6.2,T
147,184.0,10.3,ne1gKcu3WU,l=10.3;s=184;i=147;v=T,12/30/2025,T,147,184,10.3,T
148,47.0,10.2,eNcrmz7KdF,v=T;l=10.2;i=148;s=47,9/10/2025,T,148,47,10.2,T
149,177.0,8.9,F1lyZxMn1K,s=177;l=8.9;v=T;i=149,9/7/2025,T,149,177,8.9,T
150,173.0,9.9,dtscIGndN8,l=9.9;s=173;v=F;i=150,11/11/2025,F,150,173,9.9,F
151,9.0,9.6,pryxrDMkzy,i=151;v=F;s=9;l=9.6,7/10/2025,F,151,9,9.6,F
152,234.0,8.8,gibJIpImz2,i=152;v=T;l=8.8;s=234,12/4/2025,T,152,234,8.8,T
153,217.0,10.0,ggjvjpJWmr,l=10.0;v=F;s=217;i=153,7/29/2025,F,153,217,10.0,F
154,223.0,10.5,rxQoMWTsq4,i=154;v=F;l=10.5;s=223,11/7/2025,F,154,223,10.5,F
155,80.0,9.4,wjdiQiUrjm,i=155;l=9.4;v=T;s=80,11/18/2025,T,155,80,9.4,T
156,67.0,9.2,lOaAufTL0G,v=T;i=156;s=67;l=9.2,10/21/2025,T,156,67,9.2,T
157,108.0,9.3,0idjch4Rwu,l=9.3;s=108;v=F;i=157,7/5/2025,F,157,108,9.3,F
158,99.0,6.2,dUriZmMVVS,l=6.2;i=158;s=99;v=T,9/18/2025,T,158,99,6.2,T
159,174.0,5.6,nDH4jm6KLp,v=T;s=174;i=159;l=5.6,10/29/2025,T,159,174,5.6,T
160,218.0,5.6,8o6JAb4wy5,l=5.6;i=160;s=218;v=T,8/9/2025,T,160,218,5.6,T
161,201.0,8.0,nwKgw8t6LI,l=8.0;v=F;i=161;s=201,8/1/2025,F,161,201,8.0,F
162,244.0,8.1,7PYombyCqd,s=244;l=8.1;v=F;i=162,8/5/2025,F,162,244,8.1,F
163,146.0,6.7,MV44W5RYET,s=146;v=F;i=163;l=6.7,8/13/2025,F,163,146,6.7,F
164,104.0,9.8,XrbE9jPG3I,l=9.8;s=104;i=164;v=T,8/7/2025,T,164,104,9.8,T
165,21.0,10.8,3WdxozLPqi,i=165;v=F;l=10.8;s=21,7/4/2025,F,165,21,10.8,F
166,124.0,6.9,CGn8fM1iTl,s=124;v=T;l=6.9;i=166,1/6/2026,T,166,124,6.9,T
167,241.0,6.3,cbjYiLWUSL,v=F;s=241;l=6.3;i=167,6/24/2025,F,167,241,6.3,F
168,178.0,6.0,RMmW6GLNJk,l=6.0;s=178;i=168;v=F,11/1/2025,F,168,178,6.0,F
169,31.0,6.3,IyFMe7lCkD,v=T;i=169;l=6.3;s=31,9/14/2025,T,169,31,6.3,T
170,130.0,7.8,WLkLkjjDH3,s=130;i=170;v=T;l=7.8,10/30/2025,T,170,130,7.8,T
171,232.0,7.0,gO46k38apZ,v=F;s=232;l=7.0;i=171,1/1/2026,F,171,232,7.0,F
172,248.0,7.2,JruM35X287,i=172;l=7.2;v=F;s=248,11/19/2025,F,172,248,7.2,F
173,207.0,10.4,TITFy19O5V,i=173;v=F;s=207;l=10.4,12/29/2025,F,173,207,10.4,F
174,21.0,8.7,d9kqmoEb3t,l=8.7;s=21;i=174;v=T,11/15/2025,T,174,21,8.7,T
175,211.0,8.8,lFvACwthCX,s=211;l=8.8;i=175;v=F,9/3/2025,F,175,211,8.8,F
176,137.0,6.8,BNQ2adgRLf,l=6.8;i=176;s=137;v=T,8/10/2025,T,176,137,6.8,T
177,37.0,9.5,K5FMxKirX9,v=F;i=177;s=37;l=9.5,11/17/2025,F,177,37,9.5,F
178,175.0,6.4,qTQQSe0zc2,s=175;l=6.4;v=T;i=178,9/8/2025,T,178,175,6.4,T
179,63.0,9.6,m3bjG21sUe,s=63;l=9.6;i=179;v=F,7/31/2025,F,179,63,9.6,F
180,172.0,7.0,Ksnbeygsvk,i=180;l=7.0;s=172;v=F,12/16/2025,F,180,172,7.0,F
181,243.0,8.5,ON0cJ9bMwL,s=243;v=T;i=181;l=8.5,7/25/2025,T,181,243,8.5,T
182,232.0,9.6,Jbwxspt8R7,s=232;l=9.6;i=182;v=T,10/13/2025,T,182,232,9.6,T
183,66.0,10.4,vf5yWTzqri,v=F;i=183;l=10.4;s=66,11/19/2025,F,183,66,10.4,F
184,62.0,10.6,oifL7wPxpO,l=10.6;i=184;s=62;v=F,11/1/2025,F,184,62,10.6,F
185,151.0,8.1,eYBKkMEtr2,l=8.1;i=185;s=151;v=F,10/9/2025,F,185,151,8.1,F
186,221.0,7.1,CfRqyX0LC6,i=186;v=F;s=221;l=7.1,12/27/2025,F,186,221,7.1,F
187,48.0,8.0,fdKdT2jSDr,v=F;s=48;l=8.0;i=187,9/12/2025,F,187,48,8.0,F
188,178.0,10.5,AHOHzU8Uuf,l=10.5;s=178;v=F;i=188,6/27/2025,F,188,178,10.5,F
189,72.0,7.9,gDa4vTZE4R,l=7.9;i=189;v=T;s=72,10/28/2025,T,189,72,7.9,T
190,190.0,8.9,hZwx3VIPCW,l=8.9;s=190;i=190;v=T,11/12/2025,T,190,190,8.9,T
191,60.0,7.5,q0icyOdZaz,v=F;l=7.5;s=60;i=191,12/27/2025,F,191,60,7.5,F
192,223.0,10.9,ZcAVJwTeCw,i=192;v=T;l=10.9;s=223,12/23/2025,T,192,223,10.9,T
193,34.0,9.2,JfAxvjeA7f,s=34;l=9.2;v=T;i=193,12/6/2025,T,193,34,9.2,T
194,128.0,10.8,MduaK0dS5C,l=10.8;i=194;s=128;v=F,8/14/2025,F,194,128,10.8,F
195,207.0,8.5,vCxNIcpmsL,l=8.5;v=T;s=207;i=195,10/17/2025,T,195,207,8.5,T
196,171.0,9.9,XXxelWrG6K,s=171;l=9.9;i=196;v=T,10/3/2025,T,196,171,9.9,T
197,147.0,7.9,S8o4V1LZ32,s=147;v=F;i=197;l=7.9,12/26/2025,F,197,147,7.9,F
198,126.0,8.0,hIRAEm5jLx,s=126;v=T;l=8.0;i=198,7/6/2025,T,198,126,8.0,T
199,1.0,8.3,oDh6LDpj8j,i=199;v=F;l=8.3;s=1,9/15/2025,F,199,1,8.3,F
200,22.0,8.2,cIzBW56lMi,v=F;l=8.2;i=200;s=22,7/16/2025,F,200,22,8.2,F
201,126.0,10.8,BHEcUovRbh,v=F;i=201;s=126;l=10.8,12/30/2025,F,201,126,10.8,F
202,108.0,10.9,9HNGjWlAnW,l=10.9;s=108;i=202;v=F,7/20/2025,F,202,108,10.9,F
203,7.0,7.6,SCmggwh7II,i=203;v=F;l=7.6;s=7,6/23/2025,F,203,7,7.6,F
204,196.0,7.4,LRlB17XdH0,v=T;l=7.4;i=204;s=196,6/26/2025,T,204,196,7.4,T
205,122.0,5.8,oH6gqadeD5,i=205;l=5.8;s=122;v=T,8/27/2025,T,205,122,5.8,T
206,218.0,5.8,QqMYVyrOr3,v=T;s=218;l=5.8;i=206,12/26/2025,T,206,218,5.8,T
207,216.0,7.3,WJhguUwk9t,l=7.3;v=F;s=216;i=207,6/20/2025,F,207,216,7.3,F
208,143.0,9.7,pcFraSzOLE,s=143;v=F;l=9.7;i=208,11/1/2025,F,208,143,9.7,F
209,166.0,8.2,QSzsYmasFQ,l=8.2;i=209;v=F;s=166,12/21/2025,F,209,166,8.2,F
210,58.0,7.0,1uQcW6iV7A,s=58;l=7.0;v=F;i=210,10/30/2025,F,210,58,7.0,F
211,75.0,10.1,UQKhVsr2dy,s=75;v=F;l=10.1;i=211,8/22/2025,F,211,75,10.1,F
212,2.0,6.6,lv1W65sIJm,l=6.6;i=212;v=F;s=2,8/16/2025,F,212,2,6.6,F
213,7.0,7.6,02rJAHQMWk,s=7;i=213;v=T;l=7.6,8/30/2025,T,213,7,7.6,T
214,175.0,5.8,KwnXW6sOS0,i=214;v=F;l=5.8;s=175,11/9/2025,F,214,175,5.8,F
215,155.0,8.1,mn0Tf88ez6,v=T;s=155;l=8.1;i=215,12/9/2025,T,215,155,8.1,T
216,228.0,10.1,HDUfkPW9E4,v=F;s=228;l=10.1;i=216,12/10/2025,F,216,228,10.1,F
217,180.0,9.0,srrwvrkf8L,v=T;s=180;i=217;l=9.0,7/7/2025,T,217,180,9.0,T
218,43.0,8.0,FVmspSJath,l=8.0;i=218;s=43;v=T,7/14/2025,T,218,43,8.0,T
219,89.0,9.0,Spp9SoWob8,v=T;s=89;i=219;l=9.0,9/27/2025,T,219,89,9.0,T
220,163.0,9.8,E55iO7Sgku,s=163;v=T;i=220;l=9.8,7/20/2025,T,220,163,9.8,T
221,147.0,8.6,NhCXv9z7Lq,l=8.6;i=221;v=T;s=147,10/10/2025,T,221,147,8.6,T
222,154.0,5.6,7v4JhHhlHz,v=T;s=154;i=222;l=5.6,10/10/2025,T,222,154,5.6,T
223,43.0,8.2,NSNKeFZN1H,l=8.2;i=223;v=F;s=43,10/11/2025,F,223,43,8.2,F
224,102.0,7.3,HaTftuFSI4,s=102;i=224;v=T;l=7.3,8/6/2025,T,224,102,7.3,T
225,5.0,7.6,hOJE0ZJGO2,s=5;i=225;l=7.6;v=T,8/13/2025,T,225,5,7.6,T
226,178.0,10.5,U7kd0O2rsY,l=10.5;v=F;s=178;i=226,11/24/2025,F,226,178,10.5,F
227,176.0,8.5,hwB4EKevER,s=176;i=227;l=8.5;v=F,7/23/2025,F,227,176,8.5,F
228,5.0,10.2,3M4f7bUgP8,s=5;l=10.2;i=228;v=T,9/4/2025,T,228,5,10.2,T
229,80.0,10.5,Ko0Ea2zoIF,v=F;i=229;s=80;l=10.5,7/19/2025,F,229,80,10.5,F
230,180.0,9.3,3ojbMovCoh,l=9.3;i=230;v=F;s=180,10/27/2025,F,230,180,9.3,F
231,184.0,10.8,xk37unyDpf,s=184;v=T;l=10.8;i=231,7/1/2025,T,231,184,10.8,T
232,16.0,10.0,cflF6n5loz,i=232;s=16;l=10.0;v=F,11/18/2025,F,232,16,10.0,F
233,50.0,10.3,kABawucbnB,l=10.3;v=F;i=233;s=50,10/18/2025,F,233,50,10.3,F
234,242.0,9.0,xtfDdJB93k,s=242;v=F;l=9.0;i=234,11/20/2025,F,234,242,9.0,F
235,12.0,8.4,fEH9h1lrV6,l=8.4;s=12;i=235;v=T,7/28/2025,T,235,12,8.4,T
236,73.0,7.7,jgJSOsejCB,l=7.7;i=236;v=F;s=73,11/22/2025,F,236,73,7.7,F
237,8.0,7.9,NVYgvsGoUN,l=7.9;v=F;s=8;i=237,8/13/2025,F,237,8,7.9,F
238,30.0,6.6,NIzEF6Teej,v=T;s=30;i=238;l=6.6,10/7/2025,T,238,30,6.6,T
239,162.0,7.0,2hnIRRjtA1,i=239;l=7.0;s=162;v=T,6/30/2025,T,239,162,7.0,T
240,218.0,7.9,hsSFAAxvPD,v=F;s=218;i=240;l=7.9,11/12/2025,F,240,218,7.9,F
241,34.0,7.3,3mlFADag8Z,v=F;s=34;i=241;l=7.3,12/12/2025,F,241,34,7.3,F
242,19.0,9.6,HSMoDgQeFU,s=19;i=242;v=F;l=9.6,7/27/2025,F,242,19,9.6,F
243,211.0,6.6,dLLTIEDT7O,v=F;l=6.6;i=243;s=211,11/8/2025,F,243,211,6.6,F
244,6.0,7.7,yI4wq7Hnoy,l=7.7;i=244;v=T;s=6,12/25/2025,T,244,6,7.7,T
245,163.0,6.2,ODmBV1sB0H,l=6.2;v=F;i=245;s=163,9/28/2025,F,245,163,6.2,F
246,85.0,9.0,KUt7gjLbgO,v=T;l=9.0;i=246;s=85,10/5/2025,T,246,85,9.0,T
247,36.0,7.6,7Dcknp13Ay,i=247;v=F;l=7.6;s=36,11/18/2025,F,247,36,7.6,F
248,26.0,9.2,HPGoG61UBT,s=26;v=F;l=9.2;i=248,10/9/2025,F,248,26,9.2,F
249,143.0,9.3,Zv48WgbbGW,i=249;l=9.3;s=143;v=F,7/29/2025,F,249,143,9.3,F
250,220.0,7.3,NzWhdZMBhk,l=7.3;s=220;v=T;i=250,9/4/2025,T,250,220,7.3,T
251,154.0,7.2,KkVun34s6c,s=154;i=251;v=F;l=7.2,8/9/2025,F,251,154,7.2,F
252,98.0,7.3,w6FVwtTUXo,l=7.3;v=F;s=98;i=252,11/20/2025,F,252,98,7.3,F
253,208.0,8.3,T5zkzNAeod,i=253;v=T;s=208;l=8.3,10/2/2025,T,253,208,8.3,T
254,213.0,6.6,33s6fkJBxg,i=254;l=6.6;s=213;v=F,11/24/2025,F,254,213,6.6,F
255,223.0,7.8,GNyYQeNYrM,i=255;v=T;s=223;l=7.8,9/19/2025,T,255,223,7.8,T
256,93.0,5.7,4AJTa2LmF3,l=5.7;v=T;i=256;s=93,12/3/2025,T,256,93,5.7,T
257,15.0,6.3,1j6tU2Wgo3,v=F;i=257;s=15;l=6.3,8/16/2025,F,257,15,6.3,F
258,129.0,5.9,NlXRTbaiOn,l=5.9;i=258;s=129;v=T,12/1/2025,T,258,129,5.9,T
259,236.0,6.1,9kQryiIP6r,i=259;v=F;l=6.1;s=236,9/20/2025,F,259,236,6.1,F
260,1.0,8.0,hfRkoESbT2,i=260;s=1;l=8.0;v=T,9/13/2025,T,260,1,8.0,T
261,81.0,8.4,iM78PWO3hE,v=F;s=81;l=8.4;i=261,11/19/2025,F,261,81,8.4,F
262,178.0,7.5,Q6s8ltknNL,v=F;s=178;i=262;l=7.5,8/28/2025,F,262,178,7.5,F
263,156.0,10.5,1ZwJmNfkGF,l=10.5;s=156;i=263;v=F,11/2/2025,F,263,156,10.5,F
264,14.0,9.0,mmsnpteDIz,v=F;l=9.0;i=264;s=14,8/8/2025,F,264,14,9.0,F
265,7.0,10.0,XDQFgan3sr,i=265;l=10.0;s=7;v=T,8/1/2025,T,265,7,10.0,T
266,216.0,8.7,gMLC8uqJA2,v=T;s=216;i=266;l=8.7,8/8/2025,T,266,216,8.7,T
267,176.0,8.7,l3rSVnP4JC,l=8.7;v=F;i=267;s=176,11/2/2025,F,267,176,8.7,F
268,208.0,7.8,6aUDG30FXF,v=T;l=7.8;i=268;s=208,9/10/2025,T,268,208,7.8,T
269,50.0,9.3,GvbJnB9TWh,l=9.3;v=F;i=269;s=50,7/31/2025,F,269,50,9.3,F
270,222.0,6.2,dSQIQCQytW,l=6.2;s=222;i=270;v=T,11/8/2025,T,270,222,6.2,T
271,187.0,7.5,QBQD2JSH5E,v=F;s=187;i=271;l=7.5,12/5/2025,F,271,187,7.5,F
272,23.0,10.6,7pgwAQTEmt,l=10.6;i=272;s=23;v=T,10/13/2025,T,272,23,10.6,T
273,75.0,10.6,lGgNCKXlbA,l=10.6;v=F;i=273;s=75,7/2/2025,F,273,75,10.6,F
274,2.0,7.8,5d6YBzqFiY,s=2;l=7.8;v=F;i=274,9/14/2025,F,274,2,7.8,F
275,92.0,10.9,4a9hkbFz0w,l=10.9;v=F;s=92;i=275,6/22/2025,F,275,92,10.9,F
276,118.0,7.0,8ysvOfEmGH,l=7.0;s=118;v=F;i=276,7/6/2025,F,276,118,7.0,F
277,186.0,10.1,ue8CasF16y,s=186;l=10.1;v=F;i=277,10/21/2025,F,277,186,10.1,F
278,24.0,8.0,j1qpXBx8oN,s=24;v=F;i=278;l=8.0,7/8/2025,F,278,24,8.0,F
279,12.0,7.9,tdZ6QpN1bZ,l=7.9;s=12;i=279;v=F,9/26/2025,F,279,12,7.9,F
280,85.0,9.1,JW5QVW90F5,v=F;l=9.1;s=85;i=280,10/25/2025,F,280,85,9.1,F
281,99.0,5.7,CEWuOb59uc,l=5.7;i=281;s=99;v=T,9/12/2025,T,281,99,5.7,T
282,198.0,10.0,fRXGpFKFKA,i=282;l=10.0;v=F;s=198,12/4/2025,F,282,198,10.0,F
283,171.0,9.6,ti6IlXxlGG,l=9.6;v=F;s=171;i=283,12/18/2025,F,283,171,9.6,F
284,195.0,9.3,pNbg35is42,s=195;l=9.3;i=284;v=F,9/14/2025,F,284,195,9.3,F
285,46.0,7.3,FzMQLWyuU6,i=285;l=7.3;s=46;v=F,12/17/2025,F,285,46,7.3,F
286,74.0,9.6,AxBfifMfFV,l=9.6;s=74;v=F;i=286,8/24/2025,F,286,74,9.6,F
287,44.0,8.8,xGVhrPkBaI,l=8.8;v=T;i=287;s=44,10/13/2025,T,287,44,8.8,T
288,246.0,7.5,S14D5aMKTe,s=246;i=288;v=T;l=7.5,9/11/2025,T,288,246,7.5,T
289,32.0,8.8,Zs2z66EFKy,l=8.8;v=T;s=32;i=289,8/27/2025,T,289,32,8.8,T
290,167.0,10.5,sAanEMF70g,s=167;v=F;i=290;l=10.5,10/26/2025,F,290,167,10.5,F
291,96.0,9.2,aM4bTiaUuV,s=96;v=T;l=9.2;i=291,12/5/2025,T,291,96,9.2,T
292,60.0,10.4,R5jNU19tsX,s=60;v=T;l=10.4;i=292,11/3/2025,T,292,60,10.4,T
293,191.0,10.2,mJmb2LoCu4,i=293;l=10.2;v=F;s=191,7/26/2025,F,293,191,10.2,F
294,106.0,10.2,zfaW8Dq6Fz,l=10.2;i=294;s=106;v=F,7/7/2025,F,294,106,10.2,F
295,209.0,7.6,wNrVkquJbS,s=209;v=F;i=295;l=7.6,8/4/2025,F,295,209,7.6,F
296,142.0,9.9,LOuUwa9qzo,i=296;l=9.9;v=F;s=142,7/22/2025,F,296,142,9.9,F
297,53.0,10.8,lDJiISq1H8,s=53;i=297;v=F;l=10.8,11/26/2025,F,297,53,10.8,F
298,193.0,8.2,KSyRRe9S9x,l=8.2;v=F;s=193;i=298,8/7/2025,F,298,193,8.2,F
299,158.0,10.1,aP4p5TVfvI,l=10.1;v=F;i=299;s=158,8/7/2025,F,299,158,10.1,F
300,85.0,9.1,ShCEsD3C2K,l=9.1;s=85;v=F;i=300,12/27/2025,F,300,85,9.1,F
301,230.0,7.7,Hq5z9r487l,i=301;s=230;l=7.7;v=T,7/11/2025,T,301,230,7.7,T
302,141.0,10.0,kh6hyNM1oG,l=10.0;s=141;i=302;v=F,10/17/2025,F,302,141,10.0,F
303,220.0,6.2,Qrty5YIIKm,l=6.2;i=303;v=F;s=220,12/31/2025,F,303,220,6.2,F
304,176.0,7.4,vsD3NPPO6c,s=176;i=304;l=7.4;v=T,8/22/2025,T,304,176,7.4,T
305,248.0,6.0,jt5jSLstSy,v=F;i=305;l=6.0;s=248,8/26/2025,F,305,248,6.0,F
306,168.0,9.9,YIubFBUbNB,l=9.9;s=168;v=F;i=306,12/23/2025,F,306,168,9.9,F
307,85.0,6.7,sq2s1bjfgc,v=T;l=6.7;s=85;i=307,9/2/2025,T,307,85,6.7,T
308,228.0,7.6,ttUaMOUr7G,l=7.6;s=228;v=F;i=308,12/26/2025,F,308,228,7.6,F
309,214.0,6.9,XoCdBZCNmt,s=214;v=F;l=6.9;i=309,12/19/2025,F,309,214,6.9,F
310,124.0,10.2,XSwThPoVxJ,v=F;s=124;l=10.2;i=310,11/10/2025,F,310,124,10.2,F
311,37.0,9.0,7nVHUg35RY,i=311;l=9.0;s=37;v=T,11/2/2025,T,311,37,9.0,T
312,124.0,7.5,w17KZUDuvp,i=312;l=7.5;v=F;s=124,7/12/2025,F,312,124,7.5,F
313,47.0,5.8,IQB6euKSdw,s=47;v=F;l=5.8;i=313,12/21/2025,F,313,47,5.8,F
314,41.0,10.1,jbmEhS1Goz,i=314;l=10.1;v=F;s=41,8/10/2025,F,314,41,10.1,F
315,104.0,8.6,VKlFfvrKP8,i=315;l=8.6;v=F;s=104,12/18/2025,F,315,104,8.6,F
316,33.0,7.9,yXaoasJoFL,i=316;s=33;l=7.9;v=F,7/21/2025,F,316,33,7.9,F
317,187.0,9.9,ickAU87Xpa,s=187;i=317;l=9.9;v=F,8/16/2025,F,317,187,9.9,F
318,134.0,6.9,b5zxm40JXQ,i=318;l=6.9;s=134;v=F,8/13/2025,F,318,134,6.9,F
319,81.0,7.8,XwOFZ7hEBc,l=7.8;v=F;i=319;s=81,8/9/2025,F,319,81,7.8,F
320,66.0,8.3,IPNwVyzPh7,i=320;l=8.3;s=66;v=F,9/9/2025,F,320,66,8.3,F
321,204.0,6.4,jLS7nT2njb,v=T;i=321;l=6.4;s=204,11/1/2025,T,321,204,6.4,T
322,145.0,9.2,b6ROSQDsyH,l=9.2;s=145;v=F;i=322,10/19/2025,F,322,145,9.2,F
323,65.0,6.2,mCvfbMDIPJ,i=323;l=6.2;s=65;v=F,11/20/2025,F,323,65,6.2,F
324,66.0,6.0,rfk9Tn9onh,s=66;v=T;i=324;l=6.0,11/4/2025,T,324,66,6.0,T
325,226.0,5.8,K2hY7hcRjZ,s=226;l=5.8;v=F;i=325,8/23/2025,F,325,226,5.8,F
326,113.0,6.7,vjZn5dk8tu,i=326;s=113;v=T;l=6.7,7/7/2025,T,326,113,6.7,T
327,187.0,6.7,kXuVOC8tFT,l=6.7;i=327;v=F;s=187,10/3/2025,F,327,187,6.7,F
328,86.0,9.0,OOKizgSB73,i=328;v=T;s=86;l=9.0,6/27/2025,T,328,86,9.0,T
329,250.0,6.7,GyLYf3vNAL,s=250;v=T;i=329;l=6.7,11/10/2025,T,329,250,6.7,T
330,10.0,10.7,D64FYFRbQ0,l=10.7;i=330;v=T;s=10,9/18/2025,T,330,10,10.7,T
331,160.0,6.9,75g2ihsSfq,v=T;l=6.9;s=160;i=331,9/16/2025,T,331,160,6.9,T
332,151.0,10.8,UwcyRklQQo,i=332;v=T;l=10.8;s=151,11/13/2025,T,332,151,10.8,T
333,110.0,10.4,LZxVYcsrD0,i=333;v=T;l=10.4;s=110,8/19/2025,T,333,110,10.4,T
334,22.0,10.3,6WQFU3fAeO,l=10.3;v=T;s=22;i=334,6/27/2025,T,334,22,10.3,T
335,203.0,6.7,xBr48qwCv3,i=335;s=203;l=6.7;v=T,12/27/2025,T,335,203,6.7,T
336,30.0,6.6,k3MWIlUIJp,l=6.6;s=30;i=336;v=T,11/26/2025,T,336,30,6.6,T
337,54.0,5.6,7bVyfRJ7vv,v=F;l=5.6;s=54;i=337,12/9/2025,F,337,54,5.6,F
338,206.0,9.5,iIEqHIgwFM,s=206;l=9.5;i=338;v=T,10/3/2025,T,338,206,9.5,T
339,1.0,10.5,RN0wHd1eU0,s=1;i=339;v=T;l=10.5,9/6/2025,T,339,1,10.5,T
340,86.0,9.5,1N3GzirKMv,s=86;v=T;i=340;l=9.5,12/24/2025,T,340,86,9.5,T
341,214.0,10.7,AYJZ4qkkFQ,s=214;v=F;l=10.7;i=341,12/12/2025,F,341,214,10.7,F
342,8.0,5.5,zZpU7PLmF9,l=5.5;v=F;i=342;s=8,7/4/2025,F,342,8,5.5,F
343,200.0,6.7,NGXMoVlUQN,v=F;s=200;l=6.7;i=343,8/17/2025,F,343,200,6.7,F
344,171.0,9.6,QALEw8z7AI,s=171;i=344;l=9.6;v=F,8/3/2025,F,344,171,9.6,F
345,2.0,10.8,LI3nDmfKHP,l=10.8;s=2;i=345;v=T,7/27/2025,T,345,2,10.8,T
346,131.0,7.3,3jafCKSEeH,l=7.3;s=131;v=F;i=346,11/28/2025,F,346,131,7.3,F
347,46.0,6.9,JvKknrjx5k,s=46;i=347;l=6.9;v=F,10/8/2025,F,347,46,6.9,F
348,12.0,10.3,myIXhKP4j9,s=12;i=348;l=10.3;v=F,10/4/2025,F,348,12,10.3,F
349,144.0,7.5,tQHh5PPTWg,i=349;l=7.5;v=F;s=144,7/14/2025,F,349,144,7.5,F
350,59.0,9.1,IEi6rlMMo8,l=9.1;s=59;i=350;v=T,7/8/2025,T,350,59,9.1,T
351,39.0,6.5,sWGGDqx54Q,i=351;s=39;v=F;l=6.5,8/19/2025,F,351,39,6.5,F
352,154.0,8.6,ZcWZni26aO,l=8.6;s=154;i=352;v=T,8/16/2025,T,352,154,8.6,T
353,79.0,10.5,6znP0LKfCD,s=79;v=F;l=10.5;i=353,8/28/2025,F,353,79,10.5,F
354,109.0,5.6,w9tMS24VVb,l=5.6;s=109;v=F;i=354,12/22/2025,F,354,109,5.6,F
355,92.0,7.2,u5um4CoXJf,l=7.2;i=355;v=F;s=92,9/6/2025,F,355,92,7.2,F
356,196.0,9.2,4euPrhAX1t,v=F;l=9.2;i=356;s=196,6/25/2025,F,356,196,9.2,F
357,198.0,8.8,DIBQ5OYHMq,v=F;i=357;l=8.8;s=198,12/6/2025,F,357,198,8.8,F
358,228.0,7.6,TdyihriAkS,i=358;l=7.6;v=F;s=228,9/14/2025,F,358,228,7.6,F
359,54.0,7.9,mnwhDv9259,s=54;l=7.9;v=F;i=359,8/17/2025,F,359,54,7.9,F
360,123.0,5.9,J0AU3R2orP,l=5.9;v=T;s=123;i=360,12/24/2025,T,360,123,5.9,T
361,121.0,7.6,3iZsgfe571,l=7.6;v=F;s=121;i=361,8/24/2025,F,361,121,7.6,F
362,161.0,8.6,8EyHeJziSX,i=362;l=8.6;v=F;s=161,9/12/2025,F,362,161,8.6,F
363,215.0,5.7,Q0Ja7mQTQX,i=363;l=5.7;v=T;s=215,9/24/2025,T,363,215,5.7,T
364,123.0,8.8,Auf6eJsNTu,v=T;l=8.8;s=123;i=364,12/13/2025,T,364,123,8.8,T
365,123.0,5.9,7q0xTXQ2bD,i=365;l=5.9;v=F;s=123,11/16/2025,F,365,123,5.9,F
366,125.0,5.9,VmwyUCGtkK,v=T;l=5.9;s=125;i=366,7/9/2025,T,366,125,5.9,T
367,2.0,10.8,BjdaEVcX5A,i=367;l=10.8;s=2;v=F,11/3/2025,F,367,2,10.8,F
368,74.0,6.9,IE4CD1nw7U,i=368;v=T;l=6.9;s=74,12/24/2025,T,368,74,6.9,T
369,223.0,5.6,S3vU4LSzRb,s=223;v=F;l=5.6;i=369,11/12/2025,F,369,223,5.6,F
370,185.0,8.6,BSkks5WUXJ,i=370;l=8.6;v=F;s=185,7/1/2025,F,370,185,8.6,F
371,44.0,7.0,wsX9qLzemN,v=T;l=7.0;s=44;i=371,11/7/2025,T,371,44,7.0,T
372,185.0,7.7,XXJHimMy0r,s=185;v=F;l=7.7;i=372,6/30/2025,F,372,185,7.7,F
373,21.0,8.8,d79vvAGNVr,i=373;v=T;l=8.8;s=21,10/14/2025,T,373,21,8.8,T
374,45.0,9.3,YUyi9SVkL2,v=F;l=9.3;i=374;s=45,10/28/2025,F,374,45,9.3,F
375,97.0,6.9,D9LqgKA5e0,v=F;s=97;l=6.9;i=375,10/1/2025,F,375,97,6.9,F
376,224.0,10.8,ivKzhL6UgO,s=224;v=F;l=10.8;i=376,7/29/2025,F,376,224,10.8,F
377,73.0,8.6,jgevH6bfFG,l=8.6;v=F;s=73;i=377,12/21/2025,F,377,73,8.6,F
378,197.0,6.4,ljcP4CrNI5,i=378;l=6.4;v=T;s=197,9/5/2025,T,378,197,6.4,T
379,44.0,9.4,BFP2pRpcLb,l=9.4;v=F;s=44;i=379,7/23/2025,F,379,44,9.4,F
380,159.0,8.4,CWTNdJENrw,s=159;i=380;v=T;l=8.4,8/19/2025,T,380,159,8.4,T
381,75.0,5.8,5JI60OZ8q6,v=T;s=75;l=5.8;i=381,7/9/2025,T,381,75,5.8,T
382,3.0,10.6,vtb5hiDE3Q,i=382;s=3;l=10.6;v=T,11/6/2025,T,382,3,10.6,T
383,150.0,8.6,M5Ooj1JFAW,l=8.6;s=150;i=383;v=T,11/18/2025,T,383,150,8.6,T
384,131.0,7.7,fyUmaRPBAE,s=131;i=384;l=7.7;v=F,9/19/2025,F,384,131,7.7,F
385,8.0,8.4,hibaflTnPa,s=8;v=T;i=385;l=8.4,11/12/2025,T,385,8,8.4,T
386,63.0,6.0,sgjG4zOwou,v=F;i=386;l=6.0;s=63,12/18/2025,F,386,63,6.0,F
387,193.0,7.7,jdYAqqYH0n,i=387;s=193;l=7.7;v=F,9/19/2025,F,387,193,7.7,F
388,106.0,9.3,G23gz1ceF3,l=9.3;s=106;i=388;v=F,1/3/2026,F,388,106,9.3,F
389,1.0,6.1,XSuu01pEyJ,l=6.1;i=389;s=1;v=F,9/18/2025,F,389,1,6.1,F
390,191.0,7.4,9QPNqUkcUt,i=390;v=F;s=191;l=7.4,7/10/2025,F,390,191,7.4,F
391,92.0,7.2,eV38cmZUJ0,v=F;s=92;l=7.2;i=391,8/8/2025,F,391,92,7.2,F
392,84.0,8.3,mbJ4mSxFQP,s=84;l=8.3;i=392;v=T,8/24/2025,T,392,84,8.3,T
393,175.0,7.1,a5fZfYBNEk,l=7.1;s=175;v=T;i=393,9/6/2025,T,393,175,7.1,T
394,100.0,5.5,vnkZSLke7a,l=5.5;i=394;s=100;v=T,10/10/2025,T,394,100,5.5,T
395,107.0,9.8,usgX8xPFFF,v=T;l=9.8;i=395;s=107,1/5/2026,T,395,107,9.8,T
396,132.0,9.1,CX4w0HJfHp,l=9.1;i=396;s=132;v=F,9/20/2025,F,396,132,9.1,F
397,153.0,6.1,1J6A5ZEhfR,v=T;l=6.1;i=397;s=153,7/3/2025,T,397,153,6.1,T
398,250.0,8.1,OJhM6AAgbc,l=8.1;s=250;v=T;i=398,10/26/2025,T,398,250,8.1,T
399,142.0,6.0,dEZjVXUIad,s=142;i=399;l=6.0;v=F,8/20/2025,F,399,142,6.0,F
400,243.0,7.1,WJiuwxZqTZ,i=400;s=243;l=7.1;v=T,12/13/2025,T,400,243,7.1,T
401,51.0,9.1,ZGYuKYpzrH,v=F;l=9.1;s=51;i=401,8/9/2025,F,401,51,9.1,F
402,191.0,6.2,M76UjgYFC1,i=402;s=191;v=T;l=6.2,9/22/2025,T,402,191,6.2,T
403,33.0,7.9,qaKJ5wgKoT,i=403;s=33;l=7.9;v=F,7/7/2025,F,403,33,7.9,F
404,215.0,8.5,pMKj5aMGbe,v=T;l=8.5;i=404;s=215,11/14/2025,T,404,215,8.5,T
405,177.0,5.7,hEZW3K7E0f,v=F;l=5.7;i=405;s=177,6/30/2025,F,405,177,5.7,F
406,134.0,6.4,qpLz3ZqxgE,i=406;s=134;v=T;l=6.4,10/12/2025,T,406,134,6.4,T
407,39.0,6.0,pgyQlMzFxi,l=6.0;v=T;i=407;s=39,7/17/2025,T,407,39,6.0,T
408,189.0,8.7,ne8g6llrCA,l=8.7;i=408;v=F;s=189,11/18/2025,F,408,189,8.7,F
409,208.0,6.3,Ch1vQJhXm3,s=208;v=T;l=6.3;i=409,7/21/2025,T,409,208,6.3,T
410,122.0,10.1,0zVlttxxgo,l=10.1;s=122;i=410;v=F,6/25/2025,F,410,122,10.1,F
411,129.0,10.5,Ecq7YBB4VT,v=F;s=129;l=10.5;i=411,7/19/2025,F,411,129,10.5,F
412,225.0,7.8,ItrxDBRDUL,v=F;l=7.8;i=412;s=225,12/15/2025,F,412,225,7.8,F
413,88.0,8.9,8tFvN9qyG6,l=8.9;v=F;i=413;s=88,8/28/2025,F,413,88,8.9,F
414,197.0,9.0,sfW1MIKElL,l=9.0;v=F;i=414;s=197,8/7/2025,F,414,197,9.0,F
415,235.0,8.1,DnvWMC1VNy,i=415;l=8.1;s=235;v=F,9/25/2025,F,415,235,8.1,F
416,235.0,9.9,dt9FNDnxsf,l=9.9;v=F;s=235;i=416,8/23/2025,F,416,235,9.9,F
417,30.0,7.6,DF4TFvBeSs,v=T;l=7.6;s=30;i=417,9/20/2025,T,417,30,7.6,T
418,61.0,9.5,hndQ0yttaP,l=9.5;v=T;s=61;i=418,6/28/2025,T,418,61,9.5,T
419,237.0,7.8,lbBuEqJH9B,i=419;l=7.8;v=F;s=237,9/21/2025,F,419,237,7.8,F
420,35.0,6.4,lJhYoZT2By,v=T;s=35;i=420;l=6.4,8/19/2025,T,420,35,6.4,T
421,81.0,10.6,U5rjJLFHF2,v=F;i=421;s=81;l=10.6,7/2/2025,F,421,81,10.6,F
422,134.0,8.0,97mOk1mpc2,s=134;i=422;v=F;l=8.0,8/31/2025,F,422,134,8.0,F
423,206.0,5.6,1IfLpvMUHP,s=206;i=423;v=T;l=5.6,9/13/2025,T,423,206,5.6,T
424,213.0,10.9,p97yAg1aah,s=213;l=10.9;i=424;v=T,11/14/2025,T,424,213,10.9,T
425,188.0,8.3,SHB5l113g8,v=F;l=8.3;s=188;i=425,7/31/2025,F,425,188,8.3,F
426,9.0,5.7,AzDSngZXvR,s=9;l=5.7;i=426;v=F,12/7/2025,F,426,9,5.7,F
427,186.0,6.8,xl7nIeHbZJ,l=6.8;i=427;s=186;v=T,11/16/2025,T,427,186,6.8,T
428,99.0,7.2,2epw4V7WJp,s=99;v=T;l=7.2;i=428,7/10/2025,T,428,99,7.2,T
429,127.0,7.1,b3i7se8nu7,s=127;l=7.1;v=T;i=429,7/2/2025,T,429,127,7.1,T
430,215.0,6.9,TmJJAdmX2z,i=430;v=F;l=6.9;s=215,12/12/2025,F,430,215,6.9,F
431,176.0,9.8,HlPTViz3cp,v=T;l=9.8;i=431;s=176,8/18/2025,T,431,176,9.8,T
432,52.0,9.5,E3txARBu47,v=T;i=432;l=9.5;s=52,10/10/2025,T,432,52,9.5,T
433,233.0,8.5,aC2POmNenG,v=F;l=8.5;s=233;i=433,10/30/2025,F,433,233,8.5,F
434,96.0,9.1,9vg3V5VGzY,v=T;s=96;l=9.1;i=434,9/9/2025,T,434,96,9.1,T
435,131.0,8.2,FaZK0M0Zw9,i=435;v=T;l=8.2;s=131,10/2/2025,T,435,131,8.2,T
436,76.0,8.9,gen071eFfz,i=436;s=76;l=8.9;v=T,12/6/2025,T,436,76,8.9,T
437,245.0,8.1,ohc7iPOBDR,l=8.1;v=F;s=245;i=437,10/29/2025,F,437,245,8.1,F
438,72.0,10.6,f7mXyALIsY,v=T;i=438;s=72;l=10.6,7/27/2025,T,438,72,10.6,T
439,183.0,10.4,l6YjLoWitu,i=439;s=183;l=10.4;v=F,1/4/2026,F,439,183,10.4,F
440,32.0,6.5,ywyLSNI5A4,s=32;v=F;l=6.5;i=440,10/5/2025,F,440,32,6.5,F
441,187.0,10.3,AgUqUtvft1,s=187;i=441;v=F;l=10.3,9/28/2025,F,441,187,10.3,F
442,158.0,7.5,15iSguNdff,i=442;v=T;s=158;l=7.5,12/21/2025,T,442,158,7.5,T
443,7.0,7.2,sV1HiIZoTV,s=7;i=443;l=7.2;v=F,9/29/2025,F,443,7,7.2,F
444,117.0,7.2,TS7EVc1iHd,s=117;i=444;v=T;l=7.2,12/15/2025,T,444,117,7.2,T
445,182.0,10.1,JyO6X4Vxq1,l=10.1;v=F;s=182;i=445,9/18/2025,F,445,182,10.1,F
446,209.0,9.6,5jnWZiEsir,s=209;v=F;i=446;l=9.6,7/28/2025,F,446,209,9.6,F
447,23.0,7.1,ZtZUp7zYrB,s=23;v=T;l=7.1;i=447,11/19/2025,T,447,23,7.1,T
448,202.0,7.9,V3mABOHrkU,l=7.9;i=448;v=F;s=202,10/21/2025,F,448,202,7.9,F
449,182.0,7.9,fbSJSbW2QC,i=449;v=F;s=182;l=7.9,6/21/2025,F,449,182,7.9,F
450,188.0,10.5,hX4u6LXzaH,v=F;s=188;l=10.5;i=450,11/15/2025,F,450,188,10.5,F
451,152.0,5.8,BVsSQHnUyc,l=5.8;v=F;i=451;s=152,6/27/2025,F,451,152,5.8,F
452,128.0,8.2,kUE98zb4LG,v=F;l=8.2;i=452;s=128,8/15/2025,F,452,128,8.2,F
453,107.0,10.9,Z9FnJPTi8Z,l=10.9;v=F;s=107;i=453,11/7/2025,F,453,107,10.9,F
454,117.0,8.1,5Z7SdXOMf2,v=F;s=117;i=454;l=8.1,11/11/2025,F,454,117,8.1,F
455,93.0,8.8,XXHfRFzSLs,i=455;s=93;l=8.8;v=F,11/5/2025,F,455,93,8.8,F
456,94.0,5.6,Pqe7GiuNjA,l=5.6;v=F;s=94;i=456,9/20/2025,F,456,94,5.6,F
457,203.0,9.5,E0V8W0VZHC,v=T;s=203;i=457;l=9.5,6/22/2025,T,457,203,9.5,T
458,57.0,7.6,HEK21dAFhO,l=7.6;i=458;s=57;v=F,10/1/2025,F,458,57,7.6,F
459,90.0,9.1,9OZExgUx3W,v=T;i=459;s=90;l=9.1,10/17/2025,T,459,90,9.1,T
460,79.0,9.9,fVmbgiY4lF,v=F;i=460;s=79;l=9.9,9/15/2025,F,460,79,9.9,F
461,14.0,6.8,SENH1PnHj2,i=461;s=14;l=6.8;v=T,11/11/2025,T,461,14,6.8,T
462,141.0,10.2,T8iUgYr5eE,s=141;v=F;l=10.2;i=462,7/21/2025,F,462,141,10.2,F
463,152.0,8.0,6ILyligShn,l=8.0;v=T;i=463;s=152,11/10/2025,T,463,152,8.0,T
464,162.0,6.7,ldvFX1HXMy,v=F;i=464;s=162;l=6.7,9/8/2025,F,464,162,6.7,F
465,235.0,9.2,I4cK4kpQ2U,v=F;s=235;i=465;l=9.2,7/14/2025,F,465,235,9.2,F
466,49.0,7.7,YsDrk7ouTM,l=7.7;s=49;i=466;v=T,12/1/2025,T,466,49,7.7,T
467,211.0,6.3,Tf4qbBGiAJ,s=211;l=6.3;i=467;v=F,7/22/2025,F,467,211,6.3,F
468,88.0,7.0,Vl2cTmksEy,l=7.0;i=468;v=T;s=88,10/1/2025,T,468,88,7.0,T
469,111.0,8.7,7SSFgaDhvz,s=111;v=T;i=469;l=8.7,10/16/2025,T,469,111,8.7,T
470,47.0,6.6,SFlk84V5hR,i=470;s=47;l=6.6;v=F,10/28/2025,F,470,47,6.6,F
471,186.0,7.7,uKlWPEi72E,s=186;l=7.7;i=471;v=F,11/3/2025,F,471,186,7.7,F
472,8.0,5.6,b62PwZIDcm,l=5.6;v=F;s=8;i=472,8/22/2025,F,472,8,5.6,F
473,69.0,7.0,SY6LsiM51J,v=F;i=473;l=7.0;s=69,10/3/2025,F,473,69,7.0,F
474,163.0,9.5,sX4WKad4wk,s=163;i=474;l=9.5;v=F,10/31/2025,F,474,163,9.5,F
475,168.0,8.1,6IJ3nt21Kp,i=475;l=8.1;s=168;v=F,11/3/2025,F,475,168,8.1,F
476,246.0,6.6,XBoENdtJz9,i=476;v=F;s=246;l=6.6,11/15/2025,F,476,246,6.6,F
477,91.0,9.8,BRB0pcBc6o,i=477;s=91;l=9.8;v=T,12/25/2025,T,477,91,9.8,T
478,226.0,10.0,vXzL9pGdwo,v=T;l=10.0;s=226;i=478,6/24/2025,T,478,226,10.0,T
479,60.0,7.2,0OfMUwGCc3,v=T;i=479;s=60;l=7.2,12/29/2025,T,479,60,7.2,T
480,83.0,6.7,Bvx9vIRFmH,v=T;s=83;l=6.7;i=480,7/27/2025,T,480,83,6.7,T
481,77.0,6.3,c8bkVkZbgJ,l=6.3;v=T;i=481;s=77,12/6/2025,T,481,77,6.3,T
482,189.0,8.6,fEJ0UpCHcB,v=F;i=482;l=8.6;s=189,8/14/2025,F,482,189,8.6,F
483,101.0,10.2,7V2vdjoggA,v=T;i=483;l=10.2;s=101,10/22/2025,T,483,101,10.2,T
484,143.0,6.2,3ngDZX2Oxv,l=6.2;s=143;i=484;v=F,10/13/2025,F,484,143,6.2,F
485,11.0,7.9,sakpmBvZJN,i=485;v=T;s=11;l=7.9,9/8/2025,T,485,11,7.9,T
486,178.0,7.0,bpe3P23w3Q,s=178;i=486;l=7.0;v=T,9/18/2025,T,486,178,7.0,T
487,124.0,5.9,cmI0m2UmQq,s=124;v=T;i=487;l=5.9,11/4/2025,T,487,124,5.9,T
488,151.0,8.8,TSVuMDBP1D,i=488;s=151;v=F;l=8.8,7/18/2025,F,488,151,8.8,F
489,28.0,7.2,zk5K69I6yk,l=7.2;i=489;s=28;v=T,8/11/2025,T,489,28,7.2,T
490,30.0,9.0,7mnyx6zeHj,l=9.0;i=490;s=30;v=T,11/17/2025,T,490,30,9.0,T
491,73.0,6.6,aYCbziFbzO,v=T;s=73;i=491;l=6.6,12/2/2025,T,491,73,6.6,T
492,59.0,8.4,iNhDXwwQVh,i=492;v=F;s=59;l=8.4,7/20/2025,F,492,59,8.4,F
493,97.0,9.7,dPWajrfZvW,l=9.7;s=97;v=T;i=493,7/21/2025,T,493,97,9.7,T
494,90.0,10.3,9.36E+16,i=494;v=F;s=90;l=10.3,10/19/2025,F,494,90,10.3,F
495,115.0,8.8,POCjkGZZHa,v=F;s=115;l=8.8;i=495,12/15/2025,F,495,115,8.8,F
496,248.0,6.6,oXyTIXouG5,l=6.6;s=248;i=496;v=F,7/4/2025,F,496,248,6.6,F
497,182.0,8.4,pwxWpn9Kpc,v=F;s=182;i=497;l=8.4,11/12/2025,F,497,182,8.4,F
498,81.0,5.7,quiTjq1J0n,s=81;v=T;i=498;l=5.7,7/14/2025,T,498,81,5.7,T
499,175.0,6.1,ELbn1PDHiM,s=175;v=F;i=499;l=6.1,11/14/2025,F,499,175,6.1,F
500,241.0,8.8,QzTLoPsA1e,v=F;i=500;l=8.8;s=241,11/15/2025,F,500,241,8.8,F
501,64.0,10.8,FdyjCsbZkU,s=64;v=T;l=10.8;i=501,9/6/2025,T,501,64,10.8,T
502,227.0,8.8,e6QWjwTUwt,i=502;l=8.8;s=227;v=T,10/12/2025,T,502,227,8.8,T
503,162.0,7.6,01pwTOuEuu,i=503;v=T;s=162;l=7.6,11/5/2025,T,503,162,7.6,T
504,219.0,7.4,FGrE7YmedD,v=T;s=219;l=7.4;i=504,12/13/2025,T,504,219,7.4,T
505,75.0,6.3,hbMvNj2Bzx,l=6.3;i=505;v=F;s=75,10/4/2025,F,505,75,6.3,F
506,4.0,10.0,nzosFIZuan,l=10.0;i=506;s=4;v=T,12/3/2025,T,506,4,10.0,T
507,117.0,6.3,0GVoWBYbXP,i=507;l=6.3;v=T;s=117,8/9/2025,T,507,117,6.3,T
508,145.0,10.3,TtYSKJOdvW,v=T;i=508;s=145;l=10.3,10/25/2025,T,508,145,10.3,T
509,101.0,8.5,oG54JwT91L,s=101;l=8.5;i=509;v=T,7/20/2025,T,509,101,8.5,T
510,110.0,8.3,4HFDiJKsfR,v=T;l=8.3;s=110;i=510,10/20/2025,T,510,110,8.3,T
511,122.0,10.4,ae0TqSU1qa,s=122;i=511;l=10.4;v=F,9/5/2025,F,511,122,10.4,F
512,74.0,7.0,6uX2EoTcJW,i=512;s=74;v=T;l=7.0,12/24/2025,T,512,74,7.0,T
513,117.0,6.9,0iijCbEfyp,v=F;i=513;s=117;l=6.9,8/20/2025,F,513,117,6.9,F
514,181.0,10.2,muuJIBSsP7,l=10.2;i=514;v=F;s=181,8/11/2025,F,514,181,10.2,F
515,2.0,7.9,QCO3EyVqd4,l=7.9;i=515;v=F;s=2,10/26/2025,F,515,2,7.9,F
516,218.0,5.5,NGXF7L90Pj,v=F;l=5.5;i=516;s=218,11/4/2025,F,516,218,5.5,F
517,177.0,6.0,pQj2wrnkNF,v=T;s=177;i=517;l=6.0,10/8/2025,T,517,177,6.0,T
518,28.0,5.7,PmTdjw5n1n,i=518;v=F;s=28;l=5.7,12/11/2025,F,518,28,5.7,F
519,115.0,7.3,Uf28I0ctDs,l=7.3;v=T;i=519;s=115,11/29/2025,T,519,115,7.3,T
520,20.0,9.9,nttskvn8nm,v=F;l=9.9;s=20;i=520,7/9/2025,F,520,20,9.9,F
521,215.0,7.2,UENqGHKeYR,v=T;i=521;s=215;l=7.2,6/21/2025,T,521,215,7.2,T
522,25.0,8.1,rczhjST0RH,l=8.1;s=25;i=522;v=T,1/2/2026,T,522,25,8.1,T
523,196.0,10.8,sBIUPFvgaH,v=T;s=196;l=10.8;i=523,9/12/2025,T,523,196,10.8,T
524,96.0,8.1,uAEbeL9uzY,v=T;i=524;l=8.1;s=96,8/7/2025,T,524,96,8.1,T
525,132.0,8.8,65vC2M0cJk,s=132;v=F;l=8.8;i=525,12/12/2025,F,525,132,8.8,F
526,33.0,8.3,hAYpVtIcbH,v=F;s=33;i=526;l=8.3,12/22/2025,F,526,33,8.3,F
527,142.0,8.5,WMutyMylaF,s=142;v=F;l=8.5;i=527,8/23/2025,F,527,142,8.5,F
528,42.0,9.2,afXRNStay3,i=528;l=9.2;s=42;v=T,11/24/2025,T,528,42,9.2,T
529,19.0,6.2,iDbDF2wXj4,s=19;i=529;l=6.2;v=F,10/14/2025,F,529,19,6.2,F
530,117.0,6.8,WAWawkYkRd,l=6.8;s=117;v=T;i=530,12/31/2025,T,530,117,6.8,T
531,51.0,9.9,LKcEUiOK0x,l=9.9;i=531;v=F;s=51,9/17/2025,F,531,51,9.9,F
532,166.0,7.6,0g25yNRfov,l=7.6;v=T;i=532;s=166,1/1/2026,T,532,166,7.6,T
533,72.0,8.3,Z3Xom3HrJv,s=72;l=8.3;v=T;i=533,6/26/2025,T,533,72,8.3,T
534,218.0,7.0,QBxH9RA769,s=218;v=T;i=534;l=7.0,9/23/2025,T,534,218,7.0,T
535,138.0,5.6,vQQmaeofKx,v=T;l=5.6;i=535;s=138,10/10/2025,T,535,138,5.6,T
536,180.0,9.9,r5t6gnD9Fg,v=T;i=536;l=9.9;s=180,6/23/2025,T,536,180,9.9,T
537,214.0,10.5,I39OkkxY0t,s=214;l=10.5;i=537;v=T,12/19/2025,T,537,214,10.5,T
538,12.0,9.7,nHRbFBJiR9,s=12;v=T;i=538;l=9.7,7/21/2025,T,538,12,9.7,T
539,224.0,8.5,V6R3oCoYLy,l=8.5;s=224;v=T;i=539,8/2/2025,T,539,224,8.5,T
540,241.0,10.0,fgyyDNqfJt,v=T;i=540;l=10.0;s=241,11/6/2025,T,540,241,10.0,T
541,21.0,9.4,9ue6LcHjHB,v=F;i=541;s=21;l=9.4,11/16/2025,F,541,21,9.4,F
542,4.0,9.7,QxebJlUcLT,s=4;l=9.7;v=T;i=542,11/30/2025,T,542,4,9.7,T
543,44.0,7.7,qxXr3ApPX1,i=543;s=44;v=F;l=7.7,8/21/2025,F,543,44,7.7,F
544,78.0,10.1,FOA0x6y6Bm,s=78;l=10.1;i=544;v=F,12/18/2025,F,544,78,10.1,F
545,1.0,8.5,kuW5Ab5ZWS,v=T;i=545;l=8.5;s=1,7/4/2025,T,545,1,8.5,T
546,58.0,6.4,GrxVGTAAo1,i=546;s=58;l=6.4;v=F,9/25/2025,F,546,58,6.4,F
547,159.0,8.6,OSAblsfY0V,s=159;l=8.6;i=547;v=F,6/20/2025,F,547,159,8.6,F
548,25.0,10.1,OSmTxgvuLJ,i=548;s=25;v=T;l=10.1,8/29/2025,T,548,25,10.1,T
549,245.0,7.9,mzCZyeI7sL,v=T;i=549;s=245;l=7.9,7/31/2025,T,549,245,7.9,T
550,191.0,8.4,0BC5PPjX3G,s=191;l=8.4;i=550;v=F,10/8/2025,F,550,191,8.4,F
551,28.0,10.2,AT77kwy5Br,i=551;v=F;s=28;l=10.2,12/19/2025,F,551,28,10.2,F
552,39.0,6.9,Svn0nYTNeB,l=6.9;s=39;v=F;i=552,8/26/2025,F,552,39,6.9,F
553,227.0,6.2,hhOXHOlabg,i=553;s=227;l=6.2;v=F,8/26/2025,F,553,227,6.2,F
554,130.0,7.1,w7TEF2LP72,v=F;l=7.1;i=554;s=130,7/4/2025,F,554,130,7.1,F
555,49.0,9.6,iAe2eAhdM9,v=F;l=9.6;i=555;s=49,8/1/2025,F,555,49,9.6,F
556,214.0,7.2,h9I8ljR9QK,v=F;l=7.2;i=556;s=214,12/26/2025,F,556,214,7.2,F
557,208.0,6.2,Bta0sA9dYZ,s=208;v=T;i=557;l=6.2,9/5/2025,T,557,208,6.2,T
558,198.0,8.6,5icSdeGQwp,l=8.6;s=198;i=558;v=F,8/27/2025,F,558,198,8.6,F
559,125.0,9.1,m1zfqA5D8F,i=559;l=9.1;s=125;v=T,11/5/2025,T,559,125,9.1,T
560,82.0,10.1,SpZYLaQWaZ,v=T;i=560;s=82;l=10.1,9/11/2025,T,560,82,10.1,T
561,15.0,5.9,JRmC6XKlxi,i=561;l=5.9;s=15;v=T,12/8/2025,T,561,15,5.9,T
562,112.0,10.6,fgx7gP5Wn6,s=112;l=10.6;v=F;i=562,9/16/2025,F,562,112,10.6,F
563,18.0,7.9,cmpnSDzKCl,s=18;l=7.9;i=563;v=T,6/23/2025,T,563,18,7.9,T
564,179.0,8.7,1hPWqrqsji,v=T;i=564;l=8.7;s=179,9/28/2025,T,564,179,8.7,T
565,108.0,9.8,5Gqi6nb4kp,s=108;l=9.8;v=F;i=565,8/28/2025,F,565,108,9.8,F
566,219.0,9.2,ggyTIR0gCf,s=219;i=566;l=9.2;v=T,8/19/2025,T,566,219,9.2,T
567,194.0,9.1,887pUdTBtz,s=194;v=T;l=9.1;i=567,11/3/2025,T,567,194,9.1,T
568,156.0,9.6,9XwseRJJ23,v=F;s=156;l=9.6;i=568,11/9/2025,F,568,156,9.6,F
569,88.0,7.0,P5uK5KFKgt,s=88;l=7.0;v=T;i=569,9/30/2025,T,569,88,7.0,T
570,231.0,5.6,XuNyd157zn,s=231;l=5.6;i=570;v=T,8/23/2025,T,570,231,5.6,T
571,128.0,7.1,21FibmU0oS,v=T;l=7.1;s=128;i=571,12/26/2025,T,571,128,7.1,T
572,233.0,9.0,RFPUYiMKCE,v=T;i=572;l=9.0;s=233,7/12/2025,T,572,233,9.0,T
573,52.0,6.0,BPwMvHeFUP,l=6.0;i=573;s=52;v=T,9/4/2025,T,573,52,6.0,T
574,10.0,7.9,DIHmYy4IpY,i=574;s=10;l=7.9;v=T,8/21/2025,T,574,10,7.9,T
575,114.0,8.0,tLt9K1JY94,i=575;v=T;s=114;l=8.0,8/20/2025,T,575,114,8.0,T
576,83.0,8.4,ZQmqyavsrw,i=576;v=T;s=83;l=8.4,9/11/2025,T,576,83,8.4,T
577,241.0,10.1,PfIMp6VFHz,l=10.1;v=F;i=577;s=241,12/10/2025,F,577,241,10.1,F
578,95.0,5.8,6eSBCoXzeo,s=95;i=578;v=F;l=5.8,9/17/2025,F,578,95,5.8,F
579,86.0,7.8,0WzuKcuBri,s=86;i=579;l=7.8;v=F,9/21/2025,F,579,86,7.8,F
580,225.0,5.7,kINPMIugwO,s=225;i=580;l=5.7;v=F,7/26/2025,F,580,225,5.7,F
581,230.0,7.5,jLVNNUgrmN,v=F;s=230;l=7.5;i=581,10/12/2025,F,581,230,7.5,F
582,186.0,5.8,pYMxnYolfd,l=5.8;v=T;i=582;s=186,8/29/2025,T,582,186,5.8,T
583,25.0,6.2,XLw7OOvgVD,s=25;v=T;i=583;l=6.2,11/17/2025,T,583,25,6.2,T
584,108.0,6.3,qpW8VXYLYq,s=108;l=6.3;v=F;i=584,9/30/2025,F,584,108,6.3,F
585,144.0,8.2,1sEfJo5ypL,l=8.2;v=F;s=144;i=585,12/23/2025,F,585,144,8.2,F
586,224.0,6.4,YWOaE9xUJc,s=224;i=586;v=F;l=6.4,6/21/2025,F,586,224,6.4,F
587,15.0,7.5,nuHcKkpze4,l=7.5;i=587;v=T;s=15,7/1/2025,T,587,15,7.5,T
588,163.0,8.9,GdWgy0N8zK,l=8.9;s=163;v=F;i=588,11/25/2025,F,588,163,8.9,F
589,186.0,8.7,HU4XhHKlCK,l=8.7;s=186;v=F;i=589,11/22/2025,F,589,186,8.7,F
590,151.0,8.3,P3aPrd7V8d,l=8.3;i=590;s=151;v=F,9/8/2025,F,590,151,8.3,F
591,92.0,8.8,FL14OSi3kb,i=591;l=8.8;v=T;s=92,10/5/2025,T,591,92,8.8,T
592,89.0,7.5,0z17OLxgLD,v=F;i=592;s=89;l=7.5,7/22/2025,F,592,89,7.5,F
593,143.0,10.1,RY5KKt39Qo,l=10.1;i=593;v=T;s=143,9/14/2025,T,593,143,10.1,T
594,235.0,10.0,zd4pltFhLJ,i=594;s=235;l=10.0;v=F,6/27/2025,F,594,235,10.0,F
595,248.0,10.2,BmQbPgno4J,l=10.2;i=595;s=248;v=F,12/1/2025,F,595,248,10.2,F
596,45.0,9.8,scxKdnmhRl,v=F;s=45;l=9.8;i=596,11/5/2025,F,596,45,9.8,F
597,203.0,9.5,Ro1uCyo9CH,l=9.5;v=T;i=597;s=203,9/22/2025,T,597,203,9.5,T
598,45.0,6.7,czXc4XT4D7,l=6.7;s=45;v=T;i=598,11/10/2025,T,598,45,6.7,T
599,25.0,5.6,7ER3RVZBAU,s=25;l=5.6;v=F;i=599,10/6/2025,F,599,25,5.6,F
600,60.0,10.4,dhrZqTpOyP,l=10.4;s=60;i=600;v=T,10/10/2025,T,600,60,10.4,T
601,11.0,8.5,owcFHU1Sjr,s=11;l=8.5;v=F;i=601,11/12/2025,F,601,11,8.5,F
602,19.0,8.2,UoDBXTsaLf,v=F;l=8.2;i=602;s=19,12/4/2025,F,602,19,8.2,F
603,132.0,8.7,h2RkLcGxLY,i=603;l=8.7;v=T;s=132,12/4/2025,T,603,132,8.7,T
604,86.0,8.8,fQkvvw1vqz,l=8.8;i=604;s=86;v=T,9/4/2025,T,604,86,8.8,T
605,9.0,9.8,pjRdSQ8fVK,s=9;v=F;l=9.8;i=605,11/14/2025,F,605,9,9.8,F
606,177.0,6.0,BJadCWQCXu,l=6.0;i=606;v=T;s=177,8/10/2025,T,606,177,6.0,T
607,156.0,8.9,FIcTmqBiPZ,v=F;s=156;l=8.9;i=607,7/3/2025,F,607,156,8.9,F
608,137.0,7.4,HtSIfD7vdr,v=T;l=7.4;i=608;s=137,11/1/2025,T,608,137,7.4,T
609,195.0,6.2,GbRDzJARgD,s=195;i=609;v=F;l=6.2,9/16/2025,F,609,195,6.2,F
610,84.0,6.9,w265eilu1n,s=84;i=610;l=6.9;v=F,9/6/2025,F,610,84,6.9,F
611,69.0,10.6,uuHjczpHCm,l=10.6;i=611;s=69;v=T,1/4/2026,T,611,69,10.6,T
612,118.0,9.1,PiVsGpZQF9,i=612;s=118;l=9.1;v=T,8/24/2025,T,612,118,9.1,T
613,120.0,5.7,QPJAZDXDSs,v=T;l=5.7;i=613;s=120,10/18/2025,T,613,120,5.7,T
614,229.0,6.0,dFmnvBwZzo,i=614;l=6.0;v=T;s=229,11/1/2025,T,614,229,6.0,T
615,134.0,9.1,PbtQJU9hqT,v=F;i=615;s=134;l=9.1,12/13/2025,F,615,134,9.1,F
616,2.0,6.5,64S6EddobF,l=6.5;s=2;i=616;v=F,10/10/2025,F,616,2,6.5,F
617,11.0,7.5,5VBuiWSDR3,i=617;l=7.5;s=11;v=T,12/21/2025,T,617,11,7.5,T
618,22.0,9.3,vB6ggSYUxj,s=22;v=F;i=618;l=9.3,12/21/2025,F,618,22,9.3,F
619,173.0,10.7,0TaO67A5W9,v=F;i=619;s=173;l=10.7,10/21/2025,F,619,173,10.7,F
620,129.0,7.8,t7KMNvTpgZ,i=620;v=F;l=7.8;s=129,10/18/2025,F,620,129,7.8,F
621,71.0,6.3,yIsdCc5ZJG,v=T;l=6.3;s=71;i=621,10/29/2025,T,621,71,6.3,T
622,213.0,5.8,kTSF2THiRe,l=5.8;s=213;i=622;v=T,1/2/2026,T,622,213,5.8,T
623,25.0,8.2,MR5HDTNVKF,s=25;l=8.2;v=T;i=623,8/21/2025,T,623,25,8.2,T
624,234.0,8.8,7YuuqkwzkV,l=8.8;s=234;v=F;i=624,7/3/2025,F,624,234,8.8,F
625,57.0,8.6,MTKEFdTS0S,v=F;s=57;l=8.6;i=625,11/10/2025,F,625,57,8.6,F
626,188.0,9.8,W2gj5RIeAg,l=9.8;i=626;v=F;s=188,12/4/2025,F,626,188,9.8,F
627,181.0,7.0,FIIUbHk9Mh,s=181;i=627;v=F;l=7.0,9/19/2025,F,627,181,7.0,F
628,236.0,6.5,F6staiXlB2,l=6.5;i=628;v=F;s=236,11/8/2025,F,628,236,6.5,F
629,190.0,7.7,dnptVMYzth,l=7.7;s=190;v=F;i=629,9/5/2025,F,629,190,7.7,F
630,64.0,9.8,NbLAZOUavb,s=64;v=T;i=630;l=9.8,8/10/2025,T,630,64,9.8,T
631,50.0,9.1,s0owct8cMX,v=T;l=9.1;s=50;i=631,12/13/2025,T,631,50,9.1,T
632,61.0,8.9,XMNBXcs2gq,v=F;i=632;l=8.9;s=61,9/4/2025,F,632,61,8.9,F
633,111.0,9.5,zJg2xZrGb1,s=111;v=F;l=9.5;i=633,8/21/2025,F,633,111,9.5,F
634,136.0,5.6,1rlINwowGW,v=T;l=5.6;i=634;s=136,6/25/2025,T,634,136,5.6,T
635,83.0,10.9,mXUXgIBPpj,l=10.9;s=83;i=635;v=F,9/9/2025,F,635,83,10.9,F
636,196.0,9.8,KHvYoiOvMX,i=636;s=196;v=T;l=9.8,9/20/2025,T,636,196,9.8,T
637,239.0,7.0,zjeYmkSKkd,l=7.0;v=T;i=637;s=239,9/27/2025,T,637,239,7.0,T
638,134.0,8.3,OBrhzXgmrW,s=134;l=8.3;i=638;v=F,10/2/2025,F,638,134,8.3,F
639,207.0,6.7,o5uc4pbaxt,i=639;v=F;s=207;l=6.7,9/12/2025,F,639,207,6.7,F
640,141.0,10.6,sd0LZet3Oi,i=640;v=T;s=141;l=10.6,8/10/2025,T,640,141,10.6,T
641,172.0,10.2,PfpUeVK0FJ,i=641;v=F;l=10.2;s=172,10/12/2025,F,641,172,10.2,F
642,174.0,10.1,VzO3bGDqE8,l=10.1;v=T;s=174;i=642,11/15/2025,T,642,174,10.1,T
643,46.0,9.4,aBljTAHjpJ,l=9.4;i=643;v=T;s=46,10/16/2025,T,643,46,9.4,T
644,152.0,6.9,GpBSMuLkyY,v=F;s=152;i=644;l=6.9,9/1/2025,F,644,152,6.9,F
645,43.0,10.2,wQgsyOuCD8,l=10.2;s=43;i=645;v=T,12/24/2025,T,645,43,10.2,T
646,182.0,8.5,Exmm4nOh1V,s=182;v=F;i=646;l=8.5,12/20/2025,F,646,182,8.5,F
647,30.0,6.1,7AYXMcy5tV,s=30;l=6.1;v=F;i=647,8/22/2025,F,647,30,6.1,F
648,6.0,10.1,JYLDaCu4Wz,l=10.1;s=6;i=648;v=T,8/5/2025,T,648,6,10.1,T
649,142.0,9.2,Kwi3V0YohJ,v=T;l=9.2;i=649;s=142,10/30/2025,T,649,142,9.2,T
650,200.0,10.3,ZN4XWYMXu6,i=650;v=F;l=10.3;s=200,11/1/2025,F,650,200,10.3,F
651,53.0,5.8,S5TNU8NQ54,i=651;s=53;l=5.8;v=T,6/25/2025,T,651,53,5.8,T
652,141.0,5.9,jIDcfuSGcK,v=T;i=652;l=5.9;s=141,9/19/2025,T,652,141,5.9,T
653,215.0,8.5,bmOkA1vxvj,s=215;l=8.5;i=653;v=T,10/2/2025,T,653,215,8.5,T
654,234.0,9.7,qUrUaaLZ8I,i=654;v=F;s=234;l=9.7,8/14/2025,F,654,234,9.7,F
655,13.0,8.6,YlSvSF2m2Q,v=T;l=8.6;i=655;s=13,12/10/2025,T,655,13,8.6,T
656,235.0,7.3,dUv6Tq1b3W,v=F;s=235;l=7.3;i=656,8/7/2025,F,656,235,7.3,F
657,100.0,10.0,kmXM4nqYiZ,s=100;v=T;l=10.0;i=657,10/5/2025,T,657,100,10.0,T
658,210.0,9.9,zKBBv1eaFC,v=T;s=210;l=9.9;i=658,10/5/2025,T,658,210,9.9,T
659,125.0,6.7,iLEQnAUCli,l=6.7;v=F;s=125;i=659,12/25/2025,F,659,125,6.7,F
660,134.0,6.1,L9FGX2x256,v=T;i=660;l=6.1;s=134,8/17/2025,T,660,134,6.1,T
661,146.0,9.0,U5iFBzKQDM,s=146;v=T;i=661;l=9.0,8/23/2025,T,661,146,9.0,T
662,250.0,9.2,g1Dd1v0Xeq,v=F;s=250;l=9.2;i=662,7/17/2025,F,662,250,9.2,F
663,232.0,9.0,3xO646pFEj,i=663;s=232;v=F;l=9.0,6/29/2025,F,663,232,9.0,F
664,199.0,8.2,SRVyolfPZ2,l=8.2;s=199;v=F;i=664,7/8/2025,F,664,199,8.2,F
665,47.0,9.8,pQPSHvrQL1,l=9.8;i=665;v=T;s=47,12/13/2025,T,665,47,9.8,T
666,9.0,9.4,YqP9PEqlgU,v=F;i=666;l=9.4;s=9,7/18/2025,F,666,9,9.4,F
667,125.0,8.3,6oNCzpozav,s=125;l=8.3;i=667;v=F,10/21/2025,F,667,125,8.3,F
668,204.0,6.9,VMwhKgjzXz,i=668;v=F;s=204;l=6.9,6/24/2025,F,668,204,6.9,F
669,150.0,7.5,2DjqDJMNWp,i=669;v=F;l=7.5;s=150,8/22/2025,F,669,150,7.5,F
670,25.0,9.2,BbZ74PhpQw,i=670;l=9.2;s=25;v=T,9/16/2025,T,670,25,9.2,T
671,19.0,6.2,9exYkcN1KZ,i=671;l=6.2;s=19;v=F,12/6/2025,F,671,19,6.2,F
672,63.0,9.1,kNpRyVDfal,s=63;l=9.1;i=672;v=F,6/25/2025,F,672,63,9.1,F
673,102.0,9.6,upmf1TkAWy,s=102;l=9.6;i=673;v=F,9/24/2025,F,673,102,9.6,F
674,244.0,7.0,012GgHMU5C,s=244;i=674;l=7.0;v=T,9/8/2025,T,674,244,7.0,T
675,157.0,6.7,ed9IDx9c4Z,i=675;v=F;l=6.7;s=157,12/3/2025,F,675,157,6.7,F
676,203.0,10.1,h4nQ69LZNU,s=203;v=T;l=10.1;i=676,9/14/2025,T,676,203,10.1,T
677,80.0,10.6,2SQ67KAPXk,i=677;v=F;s=80;l=10.6,11/11/2025,F,677,80,10.6,F
678,32.0,6.6,Q0Ej8yRYfE,v=F;i=678;s=32;l=6.6,7/20/2025,F,678,32,6.6,F
679,51.0,10.6,hQ5JHfDCzx,i=679;v=T;s=51;l=10.6,8/17/2025,T,679,51,10.6,T
680,169.0,9.8,3B4EcZXoxy,i=680;v=T;s=169;l=9.8,9/21/2025,T,680,169,9.8,T
681,149.0,10.1,9DsDdK46kz,l=10.1;v=T;s=149;i=681,10/18/2025,T,681,149,10.1,T
682,42.0,8.7,d89Y41mDJy,l=8.7;s=42;v=T;i=682,12/28/2025,T,682,42,8.7,T
683,121.0,6.3,7QtcHvXuyI,v=F;l=6.3;s=121;i=683,10/19/2025,F,683,121,6.3,F
684,179.0,7.9,A70jTlsovd,l=7.9;v=T;i=684;s=179,9/22/2025,T,684,179,7.9,T
685,66.0,9.1,IPuAuwKdop,i=685;s=66;v=F;l=9.1,8/22/2025,F,685,66,9.1,F
686,174.0,6.7,OOw5Ep6kbE,s=174;l=6.7;v=T;i=686,8/26/2025,T,686,174,6.7,T
687,77.0,8.8,uEvbBv8iWv,v=T;l=8.8;i=687;s=77,10/6/2025,T,687,77,8.8,T
688,226.0,10.0,r5zE8WXFAr,l=10.0;i=688;s=226;v=F,7/1/2025,F,688,226,10.0,F
689,171.0,8.7,lLcyu1CO9L,s=171;i=689;l=8.7;v=T,9/10/2025,T,689,171,8.7,T
690,103.0,9.0,aozcwV0Ek5,s=103;v=F;l=9.0;i=690,10/19/2025,F,690,103,9.0,F
691,175.0,7.3,y0tWUobKun,i=691;s=175;v=T;l=7.3,10/18/2025,T,691,175,7.3,T
692,90.0,6.8,3V08ozSsB3,i=692;s=90;l=6.8;v=F,11/6/2025,F,692,90,6.8,F
693,218.0,7.4,EFXVoXhtXu,s=218;l=7.4;i=693;v=T,11/12/2025,T,693,218,7.4,T
694,168.0,8.0,xhz7rPcgKj,i=694;l=8.0;s=168;v=F,12/1/2025,F,694,168,8.0,F
695,236.0,10.5,TRWjvhMYga,i=695;l=10.5;s=236;v=T,11/18/2025,T,695,236,10.5,T
696,115.0,8.3,WAWe79vSHl,v=T;i=696;l=8.3;s=115,11/16/2025,T,696,115,8.3,T
697,194.0,8.6,GOb7eSF0VS,v=T;l=8.6;i=697;s=194,11/17/2025,T,697,194,8.6,T
698,225.0,8.2,9KuTUMvAy1,l=8.2;v=T;s=225;i=698,8/15/2025,T,698,225,8.2,T
699,160.0,8.2,OmofOOkIAH,i=699;v=F;s=160;l=8.2,7/28/2025,F,699,160,8.2,F
700,185.0,9.5,dqm2TPt7EW,l=9.5;s=185;i=700;v=T,9/16/2025,T,700,185,9.5,T
701,212.0,5.5,w86lNl8MRR,v=F;l=5.5;i=701;s=212,12/18/2025,F,701,212,5.5,F
702,74.0,5.7,OdGQTczQjm,i=702;l=5.7;v=T;s=74,10/21/2025,T,702,74,5.7,T
703,188.0,6.8,WB3bge3oQh,l=6.8;v=F;s=188;i=703,7/3/2025,F,703,188,6.8,F
704,93.0,9.1,lzCca0lqVS,l=9.1;v=T;s=93;i=704,11/9/2025,T,704,93,9.1,T
705,168.0,10.6,5hkvIZi4kR,s=168;l=10.6;v=T;i=705,7/9/2025,T,705,168,10.6,T
706,175.0,10.6,XKwTXqTDlp,s=175;l=10.6;v=F;i=706,9/7/2025,F,706,175,10.6,F
707,123.0,9.9,G2TgYJSlSt,s=123;l=9.9;i=707;v=T,12/28/2025,T,707,123,9.9,T
708,6.0,7.6,6jmcX1YeUO,l=7.6;v=T;i=708;s=6,1/1/2026,T,708,6,7.6,T
709,130.0,10.1,qzlWhrxw2X,l=10.1;v=F;i=709;s=130,9/25/2025,F,709,130,10.1,F
710,16.0,6.1,QtRxn2N9r5,v=T;l=6.1;i=710;s=16,10/15/2025,T,710,16,6.1,T
711,69.0,7.5,YnzY4KHQpJ,s=69;i=711;l=7.5;v=F,10/22/2025,F,711,69,7.5,F
712,37.0,7.1,vduCyaLzHU,v=F;i=712;l=7.1;s=37,12/10/2025,F,712,37,7.1,F
713,114.0,6.6,iIecx4esDH,s=114;i=713;v=T;l=6.6,7/6/2025,T,713,114,6.6,T
714,13.0,7.5,xyL4KC2BNp,v=F;l=7.5;s=13;i=714,10/6/2025,F,714,13,7.5,F
715,156.0,10.7,HNiYpl7AoD,s=156;v=F;l=10.7;i=715,9/30/2025,F,715,156,10.7,F
716,1.0,10.5,muAxH2YDQY,i=716;s=1;l=10.5;v=F,1/3/2026,F,716,1,10.5,F
717,151.0,8.0,ay5l8cDe3i,i=717;l=8.0;v=T;s=151,7/30/2025,T,717,151,8.0,T
718,172.0,9.5,T5Qhwgs0rS,s=172;l=9.5;i=718;v=T,7/29/2025,T,718,172,9.5,T
719,53.0,7.7,snvEvyYsU6,v=F;i=719;s=53;l=7.7,9/24/2025,F,719,53,7.7,F
720,59.0,10.5,XIGiQVKKdC,i=720;l=10.5;v=T;s=59,11/18/2025,T,720,59,10.5,T
721,64.0,6.8,gqYJ7svROs,s=64;i=721;l=6.8;v=T,12/2/2025,T,721,64,6.8,T
722,199.0,10.7,59nBe0SSRz,v=F;s=199;i=722;l=10.7,9/4/2025,F,722,199,10.7,F
723,95.0,5.8,vhhndPH5Ye,v=F;i=723;s=95;l=5.8,7/9/2025,F,723,95,5.8,F
724,65.0,9.2,73KIKVdVDW,l=9.2;i=724;s=65;v=F,10/20/2025,F,724,65,9.2,F
725,52.0,10.3,W7s82cMiZK,v=T;s=52;i=725;l=10.3,8/9/2025,T,725,52,10.3,T
726,111.0,9.5,rrOyIzzW3c,v=F;l=9.5;s=111;i=726,7/1/2025,F,726,111,9.5,F
727,155.0,6.9,4AQ54m24MT,l=6.9;s=155;i=727;v=F,9/8/2025,F,727,155,6.9,F
728,35.0,9.1,xuWjw1KJd5,s=35;l=9.1;v=F;i=728,7/25/2025,F,728,35,9.1,F
729,74.0,8.6,id5QO7IprZ,l=8.6;v=F;s=74;i=729,7/16/2025,F,729,74,8.6,F
730,124.0,10.4,74wp1TLnHT,l=10.4;i=730;v=T;s=124,12/25/2025,T,730,124,10.4,T
731,155.0,7.6,juCGtEjUir,l=7.6;i=731;v=T;s=155,9/8/2025,T,731,155,7.6,T
732,7.0,10.2,Gv0Vzj7c1I,s=7;v=F;l=10.2;i=732,9/30/2025,F,732,7,10.2,F
733,11.0,7.0,F2tqjv4sy2,v=F;i=733;s=11;l=7.0,10/27/2025,F,733,11,7.0,F
734,149.0,9.0,MqM1aHTIH1,v=T;l=9.0;s=149;i=734,9/3/2025,T,734,149,9.0,T
735,28.0,8.5,Ji4RYZlX6e,l=8.5;v=T;s=28;i=735,9/8/2025,T,735,28,8.5,T
736,213.0,9.1,YMZxVbmRvK,s=213;v=F;i=736;l=9.1,6/24/2025,F,736,213,9.1,F
737,215.0,5.5,deVinYIhB3,s=215;l=5.5;v=F;i=737,11/19/2025,F,737,215,5.5,F
738,192.0,6.8,J9zZJO97nS,l=6.8;v=T;s=192;i=738,8/19/2025,T,738,192,6.8,T
739,177.0,10.4,kOhmjphNTL,l=10.4;v=T;i=739;s=177,11/3/2025,T,739,177,10.4,T
740,51.0,10.5,6BCPD1bM4F,v=F;i=740;l=10.5;s=51,12/15/2025,F,740,51,10.5,F
741,59.0,10.4,ebJCiA9vDs,l=10.4;v=F;i=741;s=59,8/1/2025,F,741,59,10.4,F
742,17.0,6.8,uzJPxnY3G2,i=742;s=17;v=T;l=6.8,9/12/2025,T,742,17,6.8,T
743,227.0,7.2,BsW85N2oww,s=227;l=7.2;i=743;v=F,12/6/2025,F,743,227,7.2,F
744,92.0,10.2,IGfr3riUbN,l=10.2;v=F;i=744;s=92,10/6/2025,F,744,92,10.2,F
745,34.0,9.4,bUv5xw4q7J,s=34;l=9.4;i=745;v=T,6/22/2025,T,745,34,9.4,T
746,151.0,7.0,JQqIRP3wAz,v=F;s=151;l=7.0;i=746,11/7/2025,F,746,151,7.0,F
747,186.0,5.5,v2QeqXFG88,s=186;v=T;l=5.5;i=747,7/23/2025,T,747,186,5.5,T
748,28.0,7.7,VSEYkdwXwy,s=28;v=F;l=7.7;i=748,9/14/2025,F,748,28,7.7,F
749,218.0,8.1,ZfueC4KbOC,l=8.1;v=T;s=218;i=749,8/24/2025,T,749,218,8.1,T
750,245.0,6.4,RwwVl5PqgR,v=F;i=750;l=6.4;s=245,12/4/2025,F,750,245,6.4,F
751,142.0,6.7,rDo0sdPW3W,i=751;l=6.7;v=F;s=142,9/19/2025,F,751,142,6.7,F
752,190.0,7.2,3BKIz7I2f4,v=F;s=190;i=752;l=7.2,8/5/2025,F,752,190,7.2,F
753,59.0,10.5,tESvGx6LsS,s=59;l=10.5;v=F;i=753,1/4/2026,F,753,59,10.5,F
754,234.0,8.7,qNndZtj8Y3,i=754;s=234;v=F;l=8.7,12/31/2025,F,754,234,8.7,F
755,205.0,8.3,t85ovTJ6Iq,i=755;s=205;v=T;l=8.3,11/12/2025,T,755,205,8.3,T
756,171.0,9.4,b6gpXfWZx7,v=T;l=9.4;i=756;s=171,12/3/2025,T,756,171,9.4,T
757,121.0,5.6,fw1Oa5Z9et,l=5.6;i=757;v=T;s=121,12/31/2025,T,757,121,5.6,T
758,22.0,7.8,PI4heu1PXX,s=22;i=758;v=T;l=7.8,8/14/2025,T,758,22,7.8,T
759,10.0,7.3,6QPkHXq6qk,i=759;s=10;v=T;l=7.3,12/12/2025,T,759,10,7.3,T
760,39.0,9.8,Fwh8hfIaMO,i=760;l=9.8;s=39;v=F,6/21/2025,F,760,39,9.8,F
761,200.0,6.9,87Cs5FSO8M,v=T;s=200;l=6.9;i=761,9/14/2025,T,761,200,6.9,T
762,175.0,8.5,C4WSAMJetB,v=T;s=175;l=8.5;i=762,11/15/2025,T,762,175,8.5,T
763,65.0,10.7,ZrCbWMp9x1,v=T;l=10.7;i=763;s=65,10/30/2025,T,763,65,10.7,T
764,13.0,9.4,IiKBGZYShg,v=F;i=764;l=9.4;s=13,6/22/2025,F,764,13,9.4,F
765,18.0,9.9,YpTHxu2UUL,i=765;l=9.9;v=T;s=18,8/24/2025,T,765,18,9.9,T
766,233.0,9.6,uHKRqemFGo,i=766;v=F;l=9.6;s=233,6/20/2025,F,766,233,9.6,F
767,92.0,10.3,RzApyrAfHD,i=767;v=F;s=92;l=10.3,7/15/2025,F,767,92,10.3,F
768,230.0,8.6,9A8YPmnDfF,l=8.6;i=768;s=230;v=F,7/6/2025,F,768,230,8.6,F
769,204.0,9.8,TpSpnW9lrL,s=204;i=769;v=T;l=9.8,8/21/2025,T,769,204,9.8,T
770,204.0,6.7,o7kLSW8dde,s=204;v=T;l=6.7;i=770,11/25/2025,T,770,204,6.7,T
771,132.0,10.4,yzfwvTeSvr,v=T;s=132;l=10.4;i=771,9/18/2025,T,771,132,10.4,T
772,228.0,5.9,L7awmIBCDX,i=772;s=228;v=F;l=5.9,10/6/2025,F,772,228,5.9,F
773,217.0,8.0,qUTQ4aTwH4,s=217;i=773;l=8.0;v=T,9/7/2025,T,773,217,8.0,T
774,146.0,7.8,dLMAp7pEBz,i=774;l=7.8;v=F;s=146,10/15/2025,F,774,146,7.8,F
775,111.0,8.0,cKFh8bvlKD,v=F;i=775;l=8.0;s=111,9/1/2025,F,775,111,8.0,F
776,62.0,7.2,LP4LNZucKS,s=62;i=776;v=T;l=7.2,6/27/2025,T,776,62,7.2,T
777,179.0,6.7,bTY9ccKVwf,l=6.7;v=F;s=179;i=777,8/3/2025,F,777,179,6.7,F
778,11.0,8.3,gt6TFBNrtP,s=11;l=8.3;v=T;i=778,9/22/2025,T,778,11,8.3,T
779,242.0,7.0,pG56MoPHzl,v=T;i=779;l=7.0;s=242,11/5/2025,T,779,242,7.0,T
780,186.0,8.3,Wtshw0CUVW,s=186;v=T;i=780;l=8.3,10/18/2025,T,780,186,8.3,T
781,142.0,6.9,BWnAgVGGea,l=6.9;v=F;s=142;i=781,8/26/2025,F,781,142,6.9,F
782,250.0,7.3,K0kUWPQjkr,i=782;l=7.3;s=250;v=F,11/17/2025,F,782,250,7.3,F
783,187.0,9.4,R4MfbnhQlV,l=9.4;v=F;s=187;i=783,9/6/2025,F,783,187,9.4,F
784,31.0,7.0,2fTqHkx176,i=784;v=T;s=31;l=7.0,11/21/2025,T,784,31,7.0,T
785,139.0,9.8,k1b7AnaWdW,s=139;l=9.8;i=785;v=T,10/15/2025,T,785,139,9.8,T
786,70.0,6.9,b1aRu58UA5,i=786;l=6.9;v=T;s=70,11/30/2025,T,786,70,6.9,T
787,221.0,5.8,nKM4gCYFma,l=5.8;v=F;i=787;s=221,6/30/2025,F,787,221,5.8,F
788,163.0,9.9,WtcperEpTH,l=9.9;v=T;i=788;s=163,9/14/2025,T,788,163,9.9,T
789,41.0,8.6,zfI2ono3hH,s=41;l=8.6;v=T;i=789,11/30/2025,T,789,41,8.6,T
790,67.0,8.6,K0pmAcI3EN,i=790;s=67;v=F;l=8.6,7/3/2025,F,790,67,8.6,F
791,212.0,6.4,nLasufcnxn,i=791;l=6.4;v=T;s=212,7/30/2025,T,791,212,6.4,T
792,132.0,9.4,nvkUeql3mT,v=T;s=132;l=9.4;i=792,8/29/2025,T,792,132,9.4,T
793,156.0,6.1,3a1pBfqrbh,i=793;v=F;s=156;l=6.1,10/11/2025,F,793,156,6.1,F
794,135.0,9.2,8MOt88sMM7,i=794;l=9.2;v=T;s=135,7/5/2025,T,794,135,9.2,T
795,51.0,10.2,zhhvYnVGo5,l=10.2;s=51;v=F;i=795,10/17/2025,F,795,51,10.2,F
796,233.0,10.0,APmRw0uJmU,v=T;s=233;l=10.0;i=796,8/7/2025,T,796,233,10.0,T
797,20.0,9.9,QxJhzBZgOT,l=9.9;i=797;v=T;s=20,9/28/2025,T,797,20,9.9,T
798,132.0,6.5,ElfElcSEJI,v=F;s=132;i=798;l=6.5,11/7/2025,F,798,132,6.5,F
799,11.0,7.4,V2aHBqDeQk,i=799;v=F;l=7.4;s=11,11/19/2025,F,799,11,7.4,F
800,57.0,5.6,QK1XgQ9130,i=800;s=57;v=T;l=5.6,9/16/2025,T,800,57,5.6,T
801,42.0,8.9,lE7DZbpS4I,s=42;l=8.9;i=801;v=T,6/22/2025,T,801,42,8.9,T
802,173.0,7.4,eQlNXpTB3l,l=7.4;s=173;i=802;v=T,8/21/2025,T,802,173,7.4,T
803,6.0,8.1,bXn0dTxKf4,l=8.1;s=6;v=T;i=803,11/1/2025,T,803,6,8.1,T
804,89.0,5.8,A3c8jrp32G,i=804;s=89;v=F;l=5.8,11/29/2025,F,804,89,5.8,F
805,71.0,8.5,c7OyVKXtWn,s=71;i=805;v=F;l=8.5,11/21/2025,F,805,71,8.5,F
806,195.0,9.1,nprZdnP8Lt,s=195;l=9.1;i=806;v=T,11/20/2025,T,806,195,9.1,T
807,186.0,10.9,Jg9Zr2EFTx,s=186;l=10.9;v=F;i=807,10/31/2025,F,807,186,10.9,F
808,134.0,6.2,z7ZOOATzEN,s=134;i=808;v=T;l=6.2,12/7/2025,T,808,134,6.2,T
809,194.0,9.0,yVBKAXqSUn,s=194;l=9.0;v=F;i=809,8/6/2025,F,809,194,9.0,F
810,162.0,5.7,IenvhWU6zS,v=T;i=810;s=162;l=5.7,8/5/2025,T,810,162,5.7,T
811,34.0,7.2,4XvvSip4Fs,s=34;i=811;l=7.2;v=F,8/15/2025,F,811,34,7.2,F
812,65.0,9.5,KZjrmQUnkJ,v=T;s=65;l=9.5;i=812,11/21/2025,T,812,65,9.5,T
813,111.0,6.4,5JnEjm30x2,i=813;v=F;s=111;l=6.4,8/24/2025,F,813,111,6.4,F
814,116.0,6.7,jeKZUnrrXa,v=F;l=6.7;i=814;s=116,10/11/2025,F,814,116,6.7,F
815,156.0,9.7,FXJYpA9ljf,v=F;l=9.7;s=156;i=815,9/27/2025,F,815,156,9.7,F
816,211.0,8.1,Prvi3zmeMY,i=816;s=211;v=T;l=8.1,9/20/2025,T,816,211,8.1,T
817,121.0,6.8,MOru2Ppm7R,s=121;l=6.8;v=T;i=817,10/25/2025,T,817,121,6.8,T
818,142.0,8.5,j13zxKy1SN,s=142;v=F;l=8.5;i=818,7/14/2025,F,818,142,8.5,F
819,130.0,7.5,LtdT6OacKx,v=F;l=7.5;s=130;i=819,11/13/2025,F,819,130,7.5,F
820,1.0,7.7,HtoeQdO7d0,v=T;i=820;l=7.7;s=1,10/30/2025,T,820,1,7.7,T
821,149.0,10.3,pilIw36B4V,l=10.3;i=821;v=T;s=149,8/11/2025,T,821,149,10.3,T
822,11.0,5.6,O0bkJfBtby,i=822;v=F;s=11;l=5.6,10/22/2025,F,822,11,5.6,F
823,61.0,8.4,drp41Sa7QO,i=823;l=8.4;v=T;s=61,11/24/2025,T,823,61,8.4,T
824,188.0,6.3,8nTlKFGhVT,v=F;s=188;l=6.3;i=824,1/5/2026,F,824,188,6.3,F
825,4.0,9.9,LsjkbE8Dx1,l=9.9;v=T;i=825;s=4,10/2/2025,T,825,4,9.9,T
826,119.0,10.5,oLVgHL65XH,v=F;l=10.5;s=119;i=826,7/20/2025,F,826,119,10.5,F
827,53.0,6.4,NDR8WhI02U,i=827;s=53;v=T;l=6.4,10/6/2025,T,827,53,6.4,T
828,23.0,9.8,oNplwJxYJl,s=23;v=F;l=9.8;i=828,10/4/2025,F,828,23,9.8,F
829,145.0,5.6,7hyyCNQ5mh,l=5.6;s=145;i=829;v=F,1/3/2026,F,829,145,5.6,F
830,247.0,7.5,kyrRLcGYGI,l=7.5;i=830;v=F;s=247,8/26/2025,F,830,247,7.5,F
831,137.0,5.5,VL5dTbEnNT,s=137;l=5.5;v=F;i=831,10/1/2025,F,831,137,5.5,F
832,75.0,10.4,AJrIzwGONe,i=832;v=F;s=75;l=10.4,10/19/2025,F,832,75,10.4,F
833,149.0,5.6,e2scdzKn5w,i=833;l=5.6;v=F;s=149,7/26/2025,F,833,149,5.6,F
834,189.0,8.8,DWeyFPjdPv,l=8.8;s=189;i=834;v=T,8/30/2025,T,834,189,8.8,T
835,17.0,7.0,pGO7A47tq5,l=7.0;s=17;v=F;i=835,8/14/2025,F,835,17,7.0,F
836,42.0,6.4,iO8dZS4nWR,v=F;i=836;s=42;l=6.4,10/9/2025,F,836,42,6.4,F
837,204.0,8.9,UZ26ZFpq0G,s=204;l=8.9;v=F;i=837,12/23/2025,F,837,204,8.9,F
838,147.0,7.9,vOt830Qtva,i=838;s=147;v=F;l=7.9,10/29/2025,F,838,147,7.9,F
839,170.0,9.7,GuCsF89LrC,l=9.7;s=170;v=F;i=839,11/19/2025,F,839,170,9.7,F
840,234.0,8.3,8bOL6WGEwf,v=F;l=8.3;s=234;i=840,6/26/2025,F,840,234,8.3,F
841,117.0,9.7,LGsJPtuwYv,i=841;s=117;v=T;l=9.7,9/11/2025,T,841,117,9.7,T
842,159.0,8.0,73Qe1ORybR,i=842;s=159;l=8.0;v=T,9/5/2025,T,842,159,8.0,T
843,77.0,8.2,zopL7pRVyO,s=77;v=F;l=8.2;i=843,6/30/2025,F,843,77,8.2,F
844,224.0,7.2,Yw3So4i5uF,v=F;i=844;s=224;l=7.2,8/18/2025,F,844,224,7.2,F
845,95.0,8.9,PGPaH5TvZ5,v=F;i=845;s=95;l=8.9,7/22/2025,F,845,95,8.9,F
846,109.0,9.7,RCkrE91qqI,i=846;l=9.7;v=T;s=109,8/26/2025,T,846,109,9.7,T
847,35.0,5.7,AgNlYDKpI9,i=847;v=F;s=35;l=5.7,11/30/2025,F,847,35,5.7,F
848,212.0,9.8,U3ulPmHSXL,v=F;s=212;i=848;l=9.8,12/29/2025,F,848,212,9.8,F
849,48.0,9.4,vTNPU0RNiR,l=9.4;i=849;v=F;s=48,10/16/2025,F,849,48,9.4,F
850,83.0,9.7,VhPFsyzPya,s=83;i=850;v=T;l=9.7,10/4/2025,T,850,83,9.7,T
851,43.0,9.1,SLyaQxuIxB,i=851;v=T;l=9.1;s=43,10/30/2025,T,851,43,9.1,T
852,122.0,7.5,8KMteeE58k,s=122;v=F;l=7.5;i=852,10/26/2025,F,852,122,7.5,F
853,97.0,9.3,xI7PU6tHjO,s=97;l=9.3;i=853;v=F,11/19/2025,F,853,97,9.3,F
854,114.0,10.4,uJyQZu02gR,i=854;l=10.4;v=F;s=114,11/2/2025,F,854,114,10.4,F
855,135.0,9.1,xRlf347iV0,l=9.1;i=855;s=135;v=F,10/17/2025,F,855,135,9.1,F
856,124.0,10.6,c1ap7NTNTA,l=10.6;i=856;v=T;s=124,12/27/2025,T,856,124,10.6,T
857,152.0,7.3,7Aqziy37EZ,s=152;v=T;i=857;l=7.3,11/17/2025,T,857,152,7.3,T
858,145.0,9.2,CZgk6GXmdE,l=9.2;i=858;s=145;v=T,7/19/2025,T,858,145,9.2,T
859,154.0,9.6,mLaV7qFZcr,v=F;l=9.6;s=154;i=859,11/21/2025,F,859,154,9.6,F
860,41.0,10.8,6jDband5Nf,l=10.8;s=41;i=860;v=T,12/20/2025,T,860,41,10.8,T
861,249.0,8.7,8xqGHMbCZS,i=861;l=8.7;v=F;s=249,8/9/2025,F,861,249,8.7,F
862,103.0,9.3,tlUHy2TUud,s=103;i=862;v=F;l=9.3,7/16/2025,F,862,103,9.3,F
863,210.0,6.8,z4ZrzAzk19,v=F;l=6.8;s=210;i=863,7/26/2025,F,863,210,6.8,F
864,227.0,9.7,Yu461QxdOg,i=864;v=T;l=9.7;s=227,11/5/2025,T,864,227,9.7,T
865,124.0,9.8,GTvKvCuKrF,i=865;v=F;s=124;l=9.8,7/5/2025,F,865,124,9.8,F
866,250.0,7.8,DCTPJpAtpC,v=F;i=866;s=250;l=7.8,11/17/2025,F,866,250,7.8,F
867,147.0,9.3,W9HQHchlXi,i=867;v=F;s=147;l=9.3,8/1/2025,F,867,147,9.3,F
868,193.0,8.2,BzyPEZqbpw,l=8.2;i=868;v=T;s=193,7/17/2025,T,868,193,8.2,T
869,41.0,6.3,mwa8L29pyC,s=41;i=869;l=6.3;v=F,8/3/2025,F,869,41,6.3,F
870,119.0,8.1,FR2mVGCZvP,i=870;l=8.1;v=T;s=119,12/22/2025,T,870,119,8.1,T
871,113.0,9.2,7mia84fNDt,l=9.2;i=871;v=T;s=113,12/26/2025,T,871,113,9.2,T
872,52.0,6.2,WXSlav8tX7,l=6.2;i=872;v=F;s=52,11/3/2025,F,872,52,6.2,F
873,48.0,8.0,hiIi5KYwaA,v=T;l=8.0;s=48;i=873,8/16/2025,T,873,48,8.0,T
874,220.0,10.4,hTemlwq5vd,v=T;l=10.4;s=220;i=874,7/7/2025,T,874,220,10.4,T
875,121.0,6.4,8ePb7VyqOC,s=121;l=6.4;v=T;i=875,6/28/2025,T,875,121,6.4,T
876,38.0,9.4,phTJhw8uYC,v=F;s=38;i=876;l=9.4,12/22/2025,F,876,38,9.4,F
877,86.0,6.6,iQS7iHIMvq,i=877;l=6.6;s=86;v=T,12/25/2025,T,877,86,6.6,T
878,117.0,7.2,cXOEs8Ispj,s=117;i=878;v=F;l=7.2,8/9/2025,F,878,117,7.2,F
879,190.0,6.5,YJ8oGccCtm,l=6.5;s=190;i=879;v=F,11/6/2025,F,879,190,6.5,F
880,160.0,8.2,ucrLMnvQzB,s=160;l=8.2;v=F;i=880,10/30/2025,F,880,160,8.2,F
881,54.0,8.2,eBNa6vXpbk,l=8.2;i=881;v=T;s=54,10/18/2025,T,881,54,8.2,T
882,74.0,7.0,upanZSKzMP,v=T;s=74;l=7.0;i=882,7/22/2025,T,882,74,7.0,T
883,25.0,8.8,oWAeDyLFSV,v=F;i=883;l=8.8;s=25,9/13/2025,F,883,25,8.8,F
884,229.0,8.6,OOxneVngYW,s=229;l=8.6;v=T;i=884,11/12/2025,T,884,229,8.6,T
885,205.0,10.6,g5ZMqHeZ0s,v=F;l=10.6;s=205;i=885,6/30/2025,F,885,205,10.6,F
886,134.0,5.6,3eDVTYayab,l=5.6;s=134;v=F;i=886,11/16/2025,F,886,134,5.6,F
887,242.0,9.0,T5au2wV4TS,l=9.0;v=F;s=242;i=887,11/4/2025,F,887,242,9.0,F
888,128.0,10.0,jHy7VeCEn3,i=888;v=F;l=10.0;s=128,10/9/2025,F,888,128,10.0,F
889,33.0,7.7,3aFoTNYxhC,s=33;l=7.7;v=F;i=889,10/12/2025,F,889,33,7.7,F
890,97.0,7.5,WH6WBb9ceS,v=T;l=7.5;i=890;s=97,9/9/2025,T,890,97,7.5,T
891,222.0,10.3,VAnZ7lPDFu,s=222;v=T;l=10.3;i=891,7/15/2025,T,891,222,10.3,T
892,246.0,8.7,SpKVoWBItt,i=892;s=246;l=8.7;v=F,7/18/2025,F,892,246,8.7,F
893,220.0,6.5,zI746KelmR,l=6.5;s=220;i=893;v=T,9/13/2025,T,893,220,6.5,T
894,187.0,6.0,FDa8I2t9FM,l=6.0;i=894;v=T;s=187,11/20/2025,T,894,187,6.0,T
895,57.0,10.5,QdWJPLE1sI,s=57;i=895;l=10.5;v=T,1/3/2026,T,895,57,10.5,T
896,103.0,7.7,g6gE8tcevJ,s=103;i=896;v=F;l=7.7,11/6/2025,F,896,103,7.7,F
897,160.0,6.9,G7ddoY41Is,l=6.9;v=F;s=160;i=897,6/28/2025,F,897,160,6.9,F
898,200.0,7.8,emUq0PUaxN,l=7.8;i=898;s=200;v=F,12/1/2025,F,898,200,7.8,F
899,213.0,9.2,Bgw6vffQ46,l=9.2;i=899;v=F;s=213,10/10/2025,F,899,213,9.2,F
900,211.0,9.6,b4L1cou7Bi,l=9.6;i=900;v=F;s=211,11/1/2025,F,900,211,9.6,F
901,92.0,8.2,RRfiIPbpSG,s=92;l=8.2;v=T;i=901,8/2/2025,T,901,92,8.2,T
902,29.0,7.8,GUuuZ2ZkOu,s=29;i=902;v=F;l=7.8,8/26/2025,F,902,29,7.8,F
903,145.0,5.8,b3ZTo39Wlg,l=5.8;v=T;s=145;i=903,12/25/2025,T,903,145,5.8,T
904,49.0,8.2,qaXKPdct6p,l=8.2;v=F;s=49;i=904,11/24/2025,F,904,49,8.2,F
905,108.0,8.0,lRnDScunhl,i=905;s=108;l=8.0;v=T,10/20/2025,T,905,108,8.0,T
906,189.0,7.3,sHEz48MBIP,l=7.3;i=906;v=F;s=189,7/29/2025,F,906,189,7.3,F
907,108.0,8.5,eyCiPnArwD,s=108;i=907;l=8.5;v=T,10/16/2025,T,907,108,8.5,T
908,10.0,10.6,eNcWZZTx68,v=T;l=10.6;s=10;i=908,12/24/2025,T,908,10,10.6,T
909,21.0,7.3,nP9rQTKxnZ,i=909;l=7.3;s=21;v=T,8/23/2025,T,909,21,7.3,T
910,195.0,8.1,kbERLh4VJu,l=8.1;i=910;v=T;s=195,11/29/2025,T,910,195,8.1,T
911,168.0,8.8,1rknQPFQ4i,l=8.8;i=911;s=168;v=T,10/29/2025,T,911,168,8.8,T
912,122.0,10.5,qHZb55hP8f,v=T;s=122;i=912;l=10.5,8/24/2025,T,912,122,10.5,T
913,106.0,10.3,vLRZdhuZXb,l=10.3;v=F;i=913;s=106,9/4/2025,F,913,106,10.3,F
914,163.0,5.7,KqPR20f07G,v=T;l=5.7;i=914;s=163,11/3/2025,T,914,163,5.7,T
915,26.0,6.5,8Ytrifhq67,s=26;v=F;i=915;l=6.5,7/6/2025,F,915,26,6.5,F
916,229.0,9.0,BrdBnm5C5h,v=T;s=229;i=916;l=9.0,12/25/2025,T,916,229,9.0,T
917,79.0,8.2,btCH0tXo0q,i=917;s=79;l=8.2;v=F,7/7/2025,F,917,79,8.2,F
918,54.0,6.5,c9NkFYUhVo,v=T;l=6.5;s=54;i=918,12/8/2025,T,918,54,6.5,T
919,25.0,6.5,W8fo6d8Pyc,i=919;l=6.5;s=25;v=F,11/3/2025,F,919,25,6.5,F
920,176.0,6.8,wxlYdlbMyI,s=176;v=F;i=920;l=6.8,8/27/2025,F,920,176,6.8,F
921,250.0,10.7,uo8T7Efbug,l=10.7;i=921;v=F;s=250,7/9/2025,F,921,250,10.7,F
922,93.0,9.6,f8QNHgyvq4,l=9.6;v=F;i=922;s=93,11/2/2025,F,922,93,9.6,F
923,167.0,6.3,AQYGGMt3yC,l=6.3;i=923;s=167;v=F,7/9/2025,F,923,167,6.3,F
924,139.0,7.8,F6FTs1qojV,l=7.8;s=139;v=T;i=924,11/24/2025,T,924,139,7.8,T
925,70.0,10.9,2CA4bzwOOV,l=10.9;v=T;i=925;s=70,8/9/2025,T,925,70,10.9,T
926,170.0,9.0,hhNYESEDRt,i=926;l=9.0;s=170;v=F,11/25/2025,F,926,170,9.0,F
927,135.0,7.0,9RQTQCconw,v=F;l=7.0;s=135;i=927,8/2/2025,F,927,135,7.0,F
928,179.0,6.6,w2tTF9pLTl,i=928;v=T;l=6.6;s=179,10/4/2025,T,928,179,6.6,T
929,16.0,10.2,IyIHFwgN5x,i=929;v=T;l=10.2;s=16,10/17/2025,T,929,16,10.2,T
930,240.0,7.2,ipggX0MJuk,l=7.2;i=930;v=F;s=240,8/18/2025,F,930,240,7.2,F
931,51.0,5.9,tGoAHhL9iW,v=F;i=931;l=5.9;s=51,8/8/2025,F,931,51,5.9,F
932,72.0,6.6,8eaIOXDND4,v=F;s=72;i=932;l=6.6,6/29/2025,F,932,72,6.6,F
933,188.0,6.7,v1cR7YYlpC,l=6.7;s=188;v=T;i=933,7/14/2025,T,933,188,6.7,T
934,28.0,10.8,L0A9mYCSbM,v=T;s=28;l=10.8;i=934,7/24/2025,T,934,28,10.8,T
935,113.0,9.9,pD5g3Dd9pk,l=9.9;s=113;v=T;i=935,9/13/2025,T,935,113,9.9,T
936,206.0,6.7,tysQl8j3yB,s=206;v=F;i=936;l=6.7,10/22/2025,F,936,206,6.7,F
937,74.0,8.2,wfBHftnqsf,l=8.2;v=T;s=74;i=937,10/20/2025,T,937,74,8.2,T
938,198.0,9.3,ga47vM8xvy,l=9.3;s=198;v=F;i=938,8/11/2025,F,938,198,9.3,F
939,213.0,10.1,ysc9mvgrvL,v=T;l=10.1;s=213;i=939,6/28/2025,T,939,213,10.1,T
940,128.0,9.4,8Bvn1BmHde,i=940;v=F;s=128;l=9.4,1/1/2026,F,940,128,9.4,F
941,245.0,5.8,EA1pilU183,l=5.8;i=941;v=F;s=245,12/17/2025,F,941,245,5.8,F
942,233.0,10.7,TpQ95XOUvt,i=942;v=F;l=10.7;s=233,12/30/2025,F,942,233,10.7,F
943,211.0,9.3,gKRD2ctoAw,v=F;l=9.3;i=943;s=211,12/7/2025,F,943,211,9.3,F
944,186.0,10.7,F9O0yXmLYj,i=944;v=F;l=10.7;s=186,12/8/2025,F,944,186,10.7,F
945,220.0,7.3,jVhvG7i3AS,l=7.3;v=F;i=945;s=220,7/4/2025,F,945,220,7.3,F
946,85.0,8.8,iltRtLVu1b,l=8.8;v=F;i=946;s=85,10/1/2025,F,946,85,8.8,F
947,75.0,10.7,2Ix8PdnvXO,v=T;i=947;s=75;l=10.7,11/30/2025,T,947,75,10.7,T
948,195.0,9.3,ekF017Jy2P,s=195;i=948;l=9.3;v=F,10/7/2025,F,948,195,9.3,F
949,20.0,7.9,zfpf3WUjGD,s=20;l=7.9;i=949;v=F,11/14/2025,F,949,20,7.9,F
950,54.0,7.4,AzIoFCsZKa,s=54;v=T;l=7.4;i=950,12/4/2025,T,950,54,7.4,T
951,173.0,9.9,lDiQsusBcf,i=951;l=9.9;v=F;s=173,8/29/2025,F,951,173,9.9,F
952,65.0,6.3,omcmsjq29R,v=T;i=952;l=6.3;s=65,10/27/2025,T,952,65,6.3,T
953,124.0,9.9,ctjzH5I3sQ,i=953;l=9.9;v=F;s=124,12/7/2025,F,953,124,9.9,F
954,241.0,8.8,EgeNnRGsds,i=954;l=8.8;v=T;s=241,7/23/2025,T,954,241,8.8,T
955,40.0,8.2,jcsq01As8p,i=955;s=40;l=8.2;v=T,7/26/2025,T,955,40,8.2,T
956,90.0,10.5,nJy82m1IQC,i=956;s=90;l=10.5;v=F,11/7/2025,F,956,90,10.5,F
957,114.0,8.8,7QMzbsDx4R,s=114;l=8.8;i=957;v=F,11/15/2025,F,957,114,8.8,F
958,194.0,10.0,FFw6MLw1GC,v=F;l=10.0;i=958;s=194,12/30/2025,F,958,194,10.0,F
959,162.0,6.1,lIC5n2lJp8,i=959;v=T;l=6.1;s=162,9/26/2025,T,959,162,6.1,T
960,239.0,10.2,gFpXg50Bkr,v=F;i=960;l=10.2;s=239,12/3/2025,F,960,239,10.2,F
961,227.0,9.1,LPqPPHAGlf,s=227;l=9.1;i=961;v=T,12/10/2025,T,961,227,9.1,T
962,77.0,8.5,nUOwc9xCoI,i=962;v=F;l=8.5;s=77,10/16/2025,F,962,77,8.5,F
963,148.0,7.1,gbkGIINKLY,l=7.1;i=963;v=F;s=148,10/13/2025,F,963,148,7.1,F
964,110.0,8.5,X3upVqtAa4,s=110;l=8.5;i=964;v=F,9/22/2025,F,964,110,8.5,F
965,103.0,8.3,agfj69IOk7,i=965;v=F;l=8.3;s=103,10/29/2025,F,965,103,8.3,F
966,114.0,6.8,rJ3aMMjB1y,v=F;s=114;l=6.8;i=966,12/14/2025,F,966,114,6.8,F
967,63.0,5.7,lUBo1qsQYW,v=F;i=967;l=5.7;s=63,7/9/2025,F,967,63,5.7,F
968,190.0,9.8,ife2d5bPwX,l=9.8;s=190;i=968;v=T,8/2/2025,T,968,190,9.8,T
969,11.0,6.7,Gj6NCtskTk,v=T;l=6.7;i=969;s=11,12/18/2025,T,969,11,6.7,T
970,32.0,6.1,2GyvjGXGZd,s=32;i=970;l=6.1;v=F,11/26/2025,F,970,32,6.1,F
971,170.0,7.6,PnYUCo7jDD,l=7.6;v=F;i=971;s=170,7/1/2025,F,971,170,7.6,F
972,54.0,8.4,o3cSV1Ms7p,v=T;s=54;l=8.4;i=972,8/17/2025,T,972,54,8.4,T
973,2.0,8.6,PGEsCYiySe,v=T;l=8.6;s=2;i=973,6/30/2025,T,973,2,8.6,T
974,85.0,7.2,RyGq1qowzm,l=7.2;v=F;s=85;i=974,12/30/2025,F,974,85,7.2,F
975,223.0,5.8,gRt6Nb5TH0,l=5.8;i=975;s=223;v=F,11/26/2025,F,975,223,5.8,F
976,24.0,9.4,06oQ8W4n1v,s=24;i=976;l=9.4;v=F,7/26/2025,F,976,24,9.4,F
977,192.0,10.7,q2PO1mHVCh,l=10.7;s=192;i=977;v=T,9/11/2025,T,977,192,10.7,T
978,188.0,7.6,pfrAUnzE03,i=978;l=7.6;s=188;v=F,1/5/2026,F,978,188,7.6,F
979,37.0,9.3,qu9wfQWsrc,v=T;s=37;i=979;l=9.3,7/30/2025,T,979,37,9.3,T
980,176.0,9.8,pxK6mtMCOJ,v=F;s=176;l=9.8;i=980,8/10/2025,F,980,176,9.8,F
981,208.0,10.8,455l3EDVWb,l=10.8;s=208;i=981;v=T,11/15/2025,T,981,208,10.8,T
982,55.0,9.4,nc4jcOiU7c,v=T;s=55;i=982;l=9.4,7/14/2025,T,982,55,9.4,T
983,66.0,9.2,4Ul0MISkIl,l=9.2;i=983;s=66;v=T,8/1/2025,T,983,66,9.2,T
984,3.0,10.7,Vs6zJrPe4D,s=3;l=10.7;i=984;v=F,11/9/2025,F,984,3,10.7,F
985,24.0,10.7,rabGLnipEP,l=10.7;s=24;i=985;v=T,9/27/2025,T,985,24,10.7,T
986,63.0,8.0,92EfEXaNo2,i=986;v=T;l=8.0;s=63,10/16/2025,T,986,63,8.0,T
987,34.0,9.7,866S9PHdhE,s=34;l=9.7;v=F;i=987,11/29/2025,F,987,34,9.7,F
988,153.0,7.0,ZunPHDMVLd,s=153;i=988;v=T;l=7.0,12/7/2025,T,988,153,7.0,T
989,20.0,10.4,XuZ6Wfwl4N,l=10.4;i=989;v=T;s=20,9/4/2025,T,989,20,10.4,T
990,132.0,10.0,6FrdzZtsGR,i=990;l=10.0;s=132;v=F,9/6/2025,F,990,132,10.0,F
991,195.0,7.5,E8WH2PrRr6,i=991;s=195;l=7.5;v=F,9/23/2025,F,991,195,7.5,F
992,123.0,6.2,330IK06DAB,i=992;v=F;l=6.2;s=123,12/31/2025,F,992,123,6.2,F
993,30.0,8.0,xA3aLZUC7H,s=30;l=8.0;i=993;v=T,12/17/2025,T,993,30,8.0,T
994,123.0,5.7,SpRyhFRe7z,v=F;l=5.7;s=123;i=994,9/29/2025,F,994,123,5.7,F
995,97.0,9.0,WU1mr8fOWo,v=F;l=9.0;s=97;i=995,9/24/2025,F,995,97,9.0,F
996,138.0,6.3,nBByrn9i5V,v=T;s=138;l=6.3;i=996,11/2/2025,T,996,138,6.3,T
997,114.0,9.0,lFeuMBpR1j,s=114;v=T;l=9.0;i=997,10/30/2025,T,997,114,9.0,T
998,64.0,8.4,YBYvZwHC7O,i=998;v=F;l=8.4;s=64,7/10/2025,F,998,64,8.4,F
999,217.0,10.6,1Z80czbzRT,s=217;v=T;l=10.6;i=999,7/4/2025,T,999,217,10.6,T
