id,val,len,dec,dt,spd,rd
500,F,8.8,QzTLoPsA1e,11/15/2025,,v=F;i=500;l=8.8;s=241
501,T,10.8,FdyjCsbZkU,9/6/2025,64,s=64;v=T;l=10.8;i=501
502,T,8.8,e6QWjwTUwt,10/12/2025,227,i=502;l=8.8;s=227;v=T
503,T,7.6,01pwTOuEuu,11/5/2025,162,i=503;v=T;s=162;l=7.6
504,T,7.4,FGrE7YmedD,12/13/2025,219,v=T;s=219;l=7.4;i=504
505,F,6.3,hbMvNj2Bzx,10/4/2025,75,l=6.3;i=505;v=F;s=75
506,T,10,nzosFIZuan,12/3/2025,4,l=10.0;i=506;s=4;v=T
507,T,6.3,0GVoWBYbXP,8/9/2025,117,i=507;l=6.3;v=T;s=117
508,T,10.3,TtYSKJOdvW,10/25/2025,145,v=T;i=508;s=145;l=10.3
509,T,8.5,oG54JwT91L,7/20/2025,101,s=101;l=8.5;i=509;v=T
510,T,8.3,4HFDiJKsfR,10/20/2025,110,v=T;l=8.3;s=110;i=510
511,F,10.4,ae0TqSU1qa,9/5/2025,122,s=122;i=511;l=10.4;v=F
512,T,7,6uX2EoTcJW,12/24/2025,74,i=512;s=74;v=T;l=7.0
513,F,6.9,0iijCbEfyp,8/20/2025,117,v=F;i=513;s=117;l=6.9
514,F,10.2,muuJIBSsP7,8/11/2025,181,l=10.2;i=514;v=F;s=181
515,F,7.9,QCO3EyVqd4,10/26/2025,2,l=7.9;i=515;v=F;s=2
516,F,5.5,NGXF7L90Pj,11/4/2025,218,v=F;l=5.5;i=516;s=218
517,T,6,pQj2wrnkNF,10/8/2025,177,v=T;s=177;i=517;l=6.0
518,F,5.7,PmTdjw5n1n,12/11/2025,28,i=518;v=F;s=28;l=5.7
519,T,7.3,Uf28I0ctDs,11/29/2025,115,l=7.3;v=T;i=519;s=115
520,F,9.9,nttskvn8nm,7/9/2025,20,v=F;l=9.9;s=20;i=520
521,T,7.2,UENqGHKeYR,6/21/2025,215,v=T;i=521;s=215;l=7.2
522,T,8.1,rczhjST0RH,1/2/2026,25,l=8.1;s=25;i=522;v=T
523,T,10.8,sBIUPFvgaH,9/12/2025,196,v=T;s=196;l=10.8;i=523
524,T,8.1,uAEbeL9uzY,8/7/2025,96,v=T;i=524;l=8.1;s=96
525,F,8.8,65vC2M0cJk,12/12/2025,132,s=132;v=F;l=8.8;i=525
526,F,8.3,hAYpVtIcbH,12/22/2025,33,v=F;s=33;i=526;l=8.3
527,F,8.5,WMutyMylaF,8/23/2025,142,s=142;v=F;l=8.5;i=527
528,T,9.2,afXRNStay3,11/24/2025,42,i=528;l=9.2;s=42;v=T
529,F,6.2,iDbDF2wXj4,10/14/2025,19,s=19;i=529;l=6.2;v=F
530,T,6.8,WAWawkYkRd,12/31/2025,117,l=6.8;s=117;v=T;i=530
531,F,9.9,LKcEUiOK0x,9/17/2025,51,l=9.9;i=531;v=F;s=51
532,T,7.6,0g25yNRfov,1/1/2026,166,l=7.6;v=T;i=532;s=166
533,T,8.3,Z3Xom3HrJv,6/26/2025,72,s=72;l=8.3;v=T;i=533
534,T,7,QBxH9RA769,9/23/2025,218,s=218;v=T;i=534;l=7.0
535,T,5.6,vQQmaeofKx,10/10/2025,138,v=T;l=5.6;i=535;s=138
536,T,9.9,r5t6gnD9Fg,6/23/2025,180,v=T;i=536;l=9.9;s=180
537,T,10.5,I39OkkxY0t,12/19/2025,214,s=214;l=10.5;i=537;v=T
538,T,9.7,nHRbFBJiR9,7/21/2025,12,s=12;v=T;i=538;l=9.7
539,T,8.5,V6R3oCoYLy,8/2/2025,224,l=8.5;s=224;v=T;i=539
540,T,10,fgyyDNqfJt,11/6/2025,241,v=T;i=540;l=10.0;s=241
541,F,9.4,9ue6LcHjHB,11/16/2025,21,v=F;i=541;s=21;l=9.4
542,T,9.7,QxebJlUcLT,11/30/2025,4,s=4;l=9.7;v=T;i=542
543,F,7.7,qxXr3ApPX1,8/21/2025,44,i=543;s=44;v=F;l=7.7
544,F,10.1,FOA0x6y6Bm,12/18/2025,78,s=78;l=10.1;i=544;v=F
545,T,8.5,kuW5Ab5ZWS,7/4/2025,1,v=T;i=545;l=8.5;s=1
546,F,6.4,GrxVGTAAo1,9/25/2025,58,i=546;s=58;l=6.4;v=F
547,F,8.6,OSAblsfY0V,6/20/2025,159,s=159;l=8.6;i=547;v=F
548,T,10.1,OSmTxgvuLJ,8/29/2025,25,i=548;s=25;v=T;l=10.1
549,T,7.9,mzCZyeI7sL,7/31/2025,245,v=T;i=549;s=245;l=7.9
550,F,8.4,0BC5PPjX3G,10/8/2025,191,s=191;l=8.4;i=550;v=F
551,F,10.2,AT77kwy5Br,12/19/2025,28,i=551;v=F;s=28;l=10.2
552,F,6.9,Svn0nYTNeB,8/26/2025,39,l=6.9;s=39;v=F;i=552
553,F,6.2,hhOXHOlabg,8/26/2025,227,i=553;s=227;l=6.2;v=F
554,F,7.1,w7TEF2LP72,7/4/2025,130,v=F;l=7.1;i=554;s=130
555,F,9.6,iAe2eAhdM9,8/1/2025,49,v=F;l=9.6;i=555;s=49
556,F,7.2,h9I8ljR9QK,12/26/2025,214,v=F;l=7.2;i=556;s=214
557,T,6.2,Bta0sA9dYZ,9/5/2025,208,s=208;v=T;i=557;l=6.2
558,F,8.6,5icSdeGQwp,8/27/2025,198,l=8.6;s=198;i=558;v=F
559,T,9.1,m1zfqA5D8F,11/5/2025,125,i=559;l=9.1;s=125;v=T
560,T,10.1,SpZYLaQWaZ,9/11/2025,82,v=T;i=560;s=82;l=10.1
561,T,5.9,JRmC6XKlxi,12/8/2025,15,i=561;l=5.9;s=15;v=T
562,F,10.6,fgx7gP5Wn6,9/16/2025,112,s=112;l=10.6;v=F;i=562
563,T,7.9,cmpnSDzKCl,6/23/2025,18,s=18;l=7.9;i=563;v=T
564,T,8.7,1hPWqrqsji,9/28/2025,179,v=T;i=564;l=8.7;s=179
565,F,9.8,5Gqi6nb4kp,8/28/2025,108,s=108;l=9.8;v=F;i=565
566,T,9.2,ggyTIR0gCf,8/19/2025,219,s=219;i=566;l=9.2;v=T
567,T,9.1,887pUdTBtz,11/3/2025,194,s=194;v=T;l=9.1;i=567
568,F,9.6,9XwseRJJ23,11/9/2025,156,v=F;s=156;l=9.6;i=568
569,T,7,P5uK5KFKgt,9/30/2025,88,s=88;l=7.0;v=T;i=569
570,T,5.6,XuNyd157zn,8/23/2025,231,s=231;l=5.6;i=570;v=T
571,T,7.1,21FibmU0oS,12/26/2025,128,v=T;l=7.1;s=128;i=571
572,T,9,RFPUYiMKCE,7/12/2025,233,v=T;i=572;l=9.0;s=233
573,T,6,BPwMvHeFUP,9/4/2025,52,l=6.0;i=573;s=52;v=T
574,T,7.9,DIHmYy4IpY,8/21/2025,10,i=574;s=10;l=7.9;v=T
575,T,8,tLt9K1JY94,8/20/2025,114,i=575;v=T;s=114;l=8.0
576,T,8.4,ZQmqyavsrw,9/11/2025,83,i=576;v=T;s=83;l=8.4
577,F,10.1,PfIMp6VFHz,12/10/2025,241,l=10.1;v=F;i=577;s=241
578,F,5.8,6eSBCoXzeo,9/17/2025,95,s=95;i=578;v=F;l=5.8
579,F,7.8,0WzuKcuBri,9/21/2025,86,s=86;i=579;l=7.8;v=F
580,F,5.7,kINPMIugwO,7/26/2025,225,s=225;i=580;l=5.7;v=F
581,F,7.5,jLVNNUgrmN,10/12/2025,230,v=F;s=230;l=7.5;i=581
582,T,5.8,pYMxnYolfd,8/29/2025,186,l=5.8;v=T;i=582;s=186
583,T,6.2,XLw7OOvgVD,11/17/2025,25,s=25;v=T;i=583;l=6.2
584,F,6.3,qpW8VXYLYq,9/30/2025,108,s=108;l=6.3;v=F;i=584
585,F,8.2,1sEfJo5ypL,12/23/2025,144,l=8.2;v=F;s=144;i=585
586,F,6.4,YWOaE9xUJc,6/21/2025,224,s=224;i=586;v=F;l=6.4
587,T,7.5,nuHcKkpze4,7/1/2025,15,l=7.5;i=587;v=T;s=15
588,F,8.9,GdWgy0N8zK,11/25/2025,163,l=8.9;s=163;v=F;i=588
589,F,8.7,HU4XhHKlCK,11/22/2025,186,l=8.7;s=186;v=F;i=589
590,F,8.3,P3aPrd7V8d,9/8/2025,151,l=8.3;i=590;s=151;v=F
591,T,8.8,FL14OSi3kb,10/5/2025,92,i=591;l=8.8;v=T;s=92
592,F,7.5,0z17OLxgLD,7/22/2025,89,v=F;i=592;s=89;l=7.5
593,T,10.1,RY5KKt39Qo,9/14/2025,143,l=10.1;i=593;v=T;s=143
594,F,10,zd4pltFhLJ,6/27/2025,235,i=594;s=235;l=10.0;v=F
595,F,10.2,BmQbPgno4J,12/1/2025,248,l=10.2;i=595;s=248;v=F
596,F,9.8,scxKdnmhRl,11/5/2025,45,v=F;s=45;l=9.8;i=596
597,T,9.5,Ro1uCyo9CH,9/22/2025,203,l=9.5;v=T;i=597;s=203
598,T,6.7,czXc4XT4D7,11/10/2025,45,l=6.7;s=45;v=T;i=598
599,F,5.6,7ER3RVZBAU,10/6/2025,25,s=25;l=5.6;v=F;i=599
600,T,10.4,dhrZqTpOyP,10/10/2025,60,l=10.4;s=60;i=600;v=T
601,F,8.5,owcFHU1Sjr,11/12/2025,11,s=11;l=8.5;v=F;i=601
602,F,8.2,UoDBXTsaLf,12/4/2025,19,v=F;l=8.2;i=602;s=19
603,T,8.7,h2RkLcGxLY,12/4/2025,132,i=603;l=8.7;v=T;s=132
604,T,8.8,fQkvvw1vqz,9/4/2025,86,l=8.8;i=604;s=86;v=T
605,F,9.8,pjRdSQ8fVK,11/14/2025,9,s=9;v=F;l=9.8;i=605
606,T,6,BJadCWQCXu,8/10/2025,177,l=6.0;i=606;v=T;s=177
607,F,8.9,FIcTmqBiPZ,7/3/2025,156,v=F;s=156;l=8.9;i=607
608,T,7.4,HtSIfD7vdr,11/1/2025,137,v=T;l=7.4;i=608;s=137
609,F,6.2,GbRDzJARgD,9/16/2025,195,s=195;i=609;v=F;l=6.2
610,F,6.9,w265eilu1n,9/6/2025,84,s=84;i=610;l=6.9;v=F
611,T,10.6,uuHjczpHCm,1/4/2026,69,l=10.6;i=611;s=69;v=T
612,T,9.1,PiVsGpZQF9,8/24/2025,118,i=612;s=118;l=9.1;v=T
613,T,5.7,QPJAZDXDSs,10/18/2025,120,v=T;l=5.7;i=613;s=120
614,T,6,dFmnvBwZzo,11/1/2025,229,i=614;l=6.0;v=T;s=229
615,F,9.1,PbtQJU9hqT,12/13/2025,134,v=F;i=615;s=134;l=9.1
616,F,6.5,64S6EddobF,10/10/2025,2,l=6.5;s=2;i=616;v=F
617,T,7.5,5VBuiWSDR3,12/21/2025,11,i=617;l=7.5;s=11;v=T
618,F,9.3,vB6ggSYUxj,12/21/2025,22,s=22;v=F;i=618;l=9.3
619,F,10.7,0TaO67A5W9,10/21/2025,173,v=F;i=619;s=173;l=10.7
620,F,7.8,t7KMNvTpgZ,10/18/2025,129,i=620;v=F;l=7.8;s=129
621,T,6.3,yIsdCc5ZJG,10/29/2025,71,v=T;l=6.3;s=71;i=621
622,T,5.8,kTSF2THiRe,1/2/2026,213,l=5.8;s=213;i=622;v=T
623,T,8.2,MR5HDTNVKF,8/21/2025,25,s=25;l=8.2;v=T;i=623
624,F,8.8,7YuuqkwzkV,7/3/2025,234,l=8.8;s=234;v=F;i=624
625,F,8.6,MTKEFdTS0S,11/10/2025,57,v=F;s=57;l=8.6;i=625
626,F,9.8,W2gj5RIeAg,12/4/2025,188,l=9.8;i=626;v=F;s=188
627,F,7,FIIUbHk9Mh,9/19/2025,181,s=181;i=627;v=F;l=7.0
628,F,6.5,F6staiXlB2,11/8/2025,236,l=6.5;i=628;v=F;s=236
629,F,7.7,dnptVMYzth,9/5/2025,190,l=7.7;s=190;v=F;i=629
630,T,9.8,NbLAZOUavb,8/10/2025,64,s=64;v=T;i=630;l=9.8
631,T,9.1,s0owct8cMX,12/13/2025,50,v=T;l=9.1;s=50;i=631
632,F,8.9,XMNBXcs2gq,9/4/2025,61,v=F;i=632;l=8.9;s=61
633,F,9.5,zJg2xZrGb1,8/21/2025,111,s=111;v=F;l=9.5;i=633
634,T,5.6,1rlINwowGW,6/25/2025,136,v=T;l=5.6;i=634;s=136
635,F,10.9,mXUXgIBPpj,9/9/2025,83,l=10.9;s=83;i=635;v=F
636,T,9.8,KHvYoiOvMX,9/20/2025,196,i=636;s=196;v=T;l=9.8
637,T,7,zjeYmkSKkd,9/27/2025,239,l=7.0;v=T;i=637;s=239
638,F,8.3,OBrhzXgmrW,10/2/2025,134,s=134;l=8.3;i=638;v=F
639,F,6.7,o5uc4pbaxt,9/12/2025,207,i=639;v=F;s=207;l=6.7
640,T,10.6,sd0LZet3Oi,8/10/2025,141,i=640;v=T;s=141;l=10.6
641,F,10.2,PfpUeVK0FJ,10/12/2025,172,i=641;v=F;l=10.2;s=172
642,T,10.1,VzO3bGDqE8,11/15/2025,174,l=10.1;v=T;s=174;i=642
643,T,9.4,aBljTAHjpJ,10/16/2025,46,l=9.4;i=643;v=T;s=46
644,F,6.9,GpBSMuLkyY,9/1/2025,152,v=F;s=152;i=644;l=6.9
645,T,10.2,wQgsyOuCD8,12/24/2025,43,l=10.2;s=43;i=645;v=T
646,F,8.5,Exmm4nOh1V,12/20/2025,182,s=182;v=F;i=646;l=8.5
647,F,6.1,7AYXMcy5tV,8/22/2025,30,s=30;l=6.1;v=F;i=647
648,T,10.1,JYLDaCu4Wz,8/5/2025,6,l=10.1;s=6;i=648;v=T
649,T,9.2,Kwi3V0YohJ,10/30/2025,142,v=T;l=9.2;i=649;s=142
650,F,10.3,ZN4XWYMXu6,11/1/2025,200,i=650;v=F;l=10.3;s=200
651,T,5.8,S5TNU8NQ54,6/25/2025,53,i=651;s=53;l=5.8;v=T
652,T,5.9,jIDcfuSGcK,9/19/2025,141,v=T;i=652;l=5.9;s=141
653,T,8.5,bmOkA1vxvj,10/2/2025,215,s=215;l=8.5;i=653;v=T
654,F,9.7,qUrUaaLZ8I,8/14/2025,234,i=654;v=F;s=234;l=9.7
655,T,8.6,YlSvSF2m2Q,12/10/2025,13,v=T;l=8.6;i=655;s=13
656,F,7.3,dUv6Tq1b3W,8/7/2025,235,v=F;s=235;l=7.3;i=656
657,T,10,kmXM4nqYiZ,10/5/2025,100,s=100;v=T;l=10.0;i=657
658,T,9.9,zKBBv1eaFC,10/5/2025,210,v=T;s=210;l=9.9;i=658
659,F,6.7,iLEQnAUCli,12/25/2025,125,l=6.7;v=F;s=125;i=659
660,T,6.1,L9FGX2x256,8/17/2025,134,v=T;i=660;l=6.1;s=134
661,T,9,U5iFBzKQDM,8/23/2025,146,s=146;v=T;i=661;l=9.0
662,F,9.2,g1Dd1v0Xeq,7/17/2025,250,v=F;s=250;l=9.2;i=662
663,F,9,3xO646pFEj,6/29/2025,232,i=663;s=232;v=F;l=9.0
664,F,8.2,SRVyolfPZ2,7/8/2025,199,l=8.2;s=199;v=F;i=664
665,T,9.8,pQPSHvrQL1,12/13/2025,47,l=9.8;i=665;v=T;s=47
666,F,9.4,YqP9PEqlgU,7/18/2025,9,v=F;i=666;l=9.4;s=9
667,F,8.3,6oNCzpozav,10/21/2025,125,s=125;l=8.3;i=667;v=F
668,F,6.9,VMwhKgjzXz,6/24/2025,204,i=668;v=F;s=204;l=6.9
669,F,7.5,2DjqDJMNWp,8/22/2025,150,i=669;v=F;l=7.5;s=150
670,T,9.2,BbZ74PhpQw,9/16/2025,25,i=670;l=9.2;s=25;v=T
671,F,6.2,9exYkcN1KZ,12/6/2025,19,i=671;l=6.2;s=19;v=F
672,F,9.1,kNpRyVDfal,6/25/2025,63,s=63;l=9.1;i=672;v=F
673,F,9.6,upmf1TkAWy,9/24/2025,102,s=102;l=9.6;i=673;v=F
674,T,7,012GgHMU5C,9/8/2025,244,s=244;i=674;l=7.0;v=T
675,F,6.7,ed9IDx9c4Z,12/3/2025,157,i=675;v=F;l=6.7;s=157
676,T,10.1,h4nQ69LZNU,9/14/2025,203,s=203;v=T;l=10.1;i=676
677,F,10.6,2SQ67KAPXk,11/11/2025,80,i=677;v=F;s=80;l=10.6
678,F,6.6,Q0Ej8yRYfE,7/20/2025,32,v=F;i=678;s=32;l=6.6
679,T,10.6,hQ5JHfDCzx,8/17/2025,51,i=679;v=T;s=51;l=10.6
680,T,,3B4EcZXoxy,9/21/2025,169,i=680;v=T;s=169;l=9.8
681,T,10.1,9DsDdK46kz,10/18/2025,149,l=10.1;v=T;s=149;i=681
682,T,8.7,d89Y41mDJy,12/28/2025,42,l=8.7;s=42;v=T;i=682
683,F,6.3,7QtcHvXuyI,10/19/2025,121,v=F;l=6.3;s=121;i=683
684,T,7.9,A70jTlsovd,9/22/2025,179,l=7.9;v=T;i=684;s=179
685,F,9.1,IPuAuwKdop,8/22/2025,66,i=685;s=66;v=F;l=9.1
686,T,6.7,OOw5Ep6kbE,8/26/2025,174,s=174;l=6.7;v=T;i=686
687,T,8.8,uEvbBv8iWv,10/6/2025,77,v=T;l=8.8;i=687;s=77
688,F,10,r5zE8WXFAr,7/1/2025,226,l=10.0;i=688;s=226;v=F
689,T,8.7,lLcyu1CO9L,9/10/2025,171,s=171;i=689;l=8.7;v=T
690,F,9,aozcwV0Ek5,10/19/2025,103,s=103;v=F;l=9.0;i=690
691,T,7.3,y0tWUobKun,10/18/2025,175,i=691;s=175;v=T;l=7.3
692,F,6.8,3V08ozSsB3,11/6/2025,90,i=692;s=90;l=6.8;v=F
693,T,7.4,EFXVoXhtXu,11/12/2025,218,s=218;l=7.4;i=693;v=T
694,F,8,xhz7rPcgKj,12/1/2025,168,i=694;l=8.0;s=168;v=F
695,T,10.5,TRWjvhMYga,11/18/2025,236,i=695;l=10.5;s=236;v=T
696,T,8.3,WAWe79vSHl,11/16/2025,115,v=T;i=696;l=8.3;s=115
697,T,8.6,GOb7eSF0VS,11/17/2025,194,v=T;l=8.6;i=697;s=194
698,T,8.2,9KuTUMvAy1,8/15/2025,225,l=8.2;v=T;s=225;i=698
699,F,8.2,OmofOOkIAH,7/28/2025,160,i=699;v=F;s=160;l=8.2
700,T,9.5,dqm2TPt7EW,9/16/2025,,l=9.5;s=185;i=700;v=T
701,F,5.5,w86lNl8MRR,12/18/2025,212,v=F;l=5.5;i=701;s=212
702,T,5.7,OdGQTczQjm,10/21/2025,74,i=702;l=5.7;v=T;s=74
703,F,6.8,WB3bge3oQh,7/3/2025,188,l=6.8;v=F;s=188;i=703
704,T,9.1,lzCca0lqVS,11/9/2025,93,l=9.1;v=T;s=93;i=704
705,T,10.6,5hkvIZi4kR,7/9/2025,168,s=168;l=10.6;v=T;i=705
706,F,10.6,XKwTXqTDlp,9/7/2025,175,s=175;l=10.6;v=F;i=706
707,T,9.9,G2TgYJSlSt,12/28/2025,123,s=123;l=9.9;i=707;v=T
708,T,7.6,6jmcX1YeUO,1/1/2026,6,l=7.6;v=T;i=708;s=6
709,F,10.1,qzlWhrxw2X,9/25/2025,130,l=10.1;v=F;i=709;s=130
710,T,6.1,QtRxn2N9r5,10/15/2025,16,v=T;l=6.1;i=710;s=16
711,F,7.5,YnzY4KHQpJ,10/22/2025,69,s=69;i=711;l=7.5;v=F
712,F,7.1,vduCyaLzHU,12/10/2025,37,v=F;i=712;l=7.1;s=37
713,T,6.6,iIecx4esDH,7/6/2025,114,s=114;i=713;v=T;l=6.6
714,F,7.5,xyL4KC2BNp,10/6/2025,13,v=F;l=7.5;s=13;i=714
715,F,10.7,HNiYpl7AoD,9/30/2025,156,s=156;v=F;l=10.7;i=715
716,F,10.5,muAxH2YDQY,1/3/2026,1,i=716;s=1;l=10.5;v=F
717,T,8,ay5l8cDe3i,7/30/2025,151,i=717;l=8.0;v=T;s=151
718,T,9.5,T5Qhwgs0rS,7/29/2025,172,s=172;l=9.5;i=718;v=T
719,F,7.7,snvEvyYsU6,9/24/2025,53,v=F;i=719;s=53;l=7.7
720,T,10.5,XIGiQVKKdC,11/18/2025,59,i=720;l=10.5;v=T;s=59
721,T,6.8,gqYJ7svROs,12/2/2025,64,s=64;i=721;l=6.8;v=T
722,F,10.7,59nBe0SSRz,9/4/2025,199,v=F;s=199;i=722;l=10.7
723,F,5.8,vhhndPH5Ye,7/9/2025,95,v=F;i=723;s=95;l=5.8
724,F,9.2,73KIKVdVDW,10/20/2025,65,l=9.2;i=724;s=65;v=F
725,T,10.3,W7s82cMiZK,8/9/2025,52,v=T;s=52;i=725;l=10.3
726,F,9.5,rrOyIzzW3c,7/1/2025,111,v=F;l=9.5;s=111;i=726
727,F,6.9,4AQ54m24MT,9/8/2025,155,l=6.9;s=155;i=727;v=F
728,F,9.1,xuWjw1KJd5,7/25/2025,35,s=35;l=9.1;v=F;i=728
729,F,8.6,id5QO7IprZ,7/16/2025,74,l=8.6;v=F;s=74;i=729
730,T,10.4,74wp1TLnHT,12/25/2025,124,l=10.4;i=730;v=T;s=124
731,T,7.6,juCGtEjUir,9/8/2025,155,l=7.6;i=731;v=T;s=155
732,F,10.2,Gv0Vzj7c1I,9/30/2025,7,s=7;v=F;l=10.2;i=732
733,F,7,F2tqjv4sy2,10/27/2025,11,v=F;i=733;s=11;l=7.0
734,T,9,MqM1aHTIH1,9/3/2025,149,v=T;l=9.0;s=149;i=734
735,T,8.5,Ji4RYZlX6e,9/8/2025,28,l=8.5;v=T;s=28;i=735
736,F,9.1,YMZxVbmRvK,6/24/2025,213,s=213;v=F;i=736;l=9.1
737,F,5.5,deVinYIhB3,11/19/2025,215,s=215;l=5.5;v=F;i=737
738,T,6.8,J9zZJO97nS,8/19/2025,192,l=6.8;v=T;s=192;i=738
739,T,10.4,kOhmjphNTL,11/3/2025,177,l=10.4;v=T;i=739;s=177
740,F,10.5,6BCPD1bM4F,12/15/2025,51,v=F;i=740;l=10.5;s=51
741,F,10.4,ebJCiA9vDs,8/1/2025,59,l=10.4;v=F;i=741;s=59
742,T,6.8,uzJPxnY3G2,9/12/2025,17,i=742;s=17;v=T;l=6.8
743,F,7.2,BsW85N2oww,12/6/2025,227,s=227;l=7.2;i=743;v=F
744,F,10.2,IGfr3riUbN,10/6/2025,92,l=10.2;v=F;i=744;s=92
745,T,9.4,bUv5xw4q7J,6/22/2025,34,s=34;l=9.4;i=745;v=T
746,F,7,JQqIRP3wAz,11/7/2025,151,v=F;s=151;l=7.0;i=746
747,T,5.5,v2QeqXFG88,7/23/2025,186,s=186;v=T;l=5.5;i=747
748,F,7.7,VSEYkdwXwy,9/14/2025,28,s=28;v=F;l=7.7;i=748
749,T,8.1,ZfueC4KbOC,8/24/2025,218,l=8.1;v=T;s=218;i=749
750,F,6.4,RwwVl5PqgR,12/4/2025,245,v=F;i=750;l=6.4;s=245
751,F,6.7,rDo0sdPW3W,9/19/2025,142,i=751;l=6.7;v=F;s=142
752,F,7.2,3BKIz7I2f4,8/5/2025,190,v=F;s=190;i=752;l=7.2
753,F,10.5,tESvGx6LsS,1/4/2026,59,s=59;l=10.5;v=F;i=753
754,F,8.7,qNndZtj8Y3,12/31/2025,234,i=754;s=234;v=F;l=8.7
755,T,8.3,t85ovTJ6Iq,11/12/2025,205,i=755;s=205;v=T;l=8.3
756,T,9.4,b6gpXfWZx7,12/3/2025,171,v=T;l=9.4;i=756;s=171
757,T,5.6,fw1Oa5Z9et,12/31/2025,121,l=5.6;i=757;v=T;s=121
758,T,7.8,PI4heu1PXX,8/14/2025,22,s=22;i=758;v=T;l=7.8
759,T,7.3,6QPkHXq6qk,12/12/2025,10,i=759;s=10;v=T;l=7.3
760,F,9.8,Fwh8hfIaMO,6/21/2025,39,i=760;l=9.8;s=39;v=F
761,T,6.9,87Cs5FSO8M,9/14/2025,200,v=T;s=200;l=6.9;i=761
762,T,8.5,C4WSAMJetB,11/15/2025,175,v=T;s=175;l=8.5;i=762
763,T,10.7,ZrCbWMp9x1,10/30/2025,65,v=T;l=10.7;i=763;s=65
764,F,9.4,IiKBGZYShg,6/22/2025,13,v=F;i=764;l=9.4;s=13
765,T,9.9,YpTHxu2UUL,8/24/2025,18,i=765;l=9.9;v=T;s=18
766,F,9.6,uHKRqemFGo,6/20/2025,233,i=766;v=F;l=9.6;s=233
767,F,10.3,RzApyrAfHD,7/15/2025,92,i=767;v=F;s=92;l=10.3
768,F,8.6,9A8YPmnDfF,7/6/2025,230,l=8.6;i=768;s=230;v=F
769,T,9.8,TpSpnW9lrL,8/21/2025,204,s=204;i=769;v=T;l=9.8
770,T,6.7,o7kLSW8dde,11/25/2025,204,s=204;v=T;l=6.7;i=770
771,T,10.4,yzfwvTeSvr,9/18/2025,132,v=T;s=132;l=10.4;i=771
772,F,5.9,L7awmIBCDX,10/6/2025,228,i=772;s=228;v=F;l=5.9
773,T,8,qUTQ4aTwH4,9/7/2025,217,s=217;i=773;l=8.0;v=T
774,F,7.8,dLMAp7pEBz,10/15/2025,146,i=774;l=7.8;v=F;s=146
775,F,8,cKFh8bvlKD,9/1/2025,111,v=F;i=775;l=8.0;s=111
776,T,7.2,LP4LNZucKS,6/27/2025,62,s=62;i=776;v=T;l=7.2
777,F,6.7,bTY9ccKVwf,8/3/2025,179,l=6.7;v=F;s=179;i=777
778,T,8.3,gt6TFBNrtP,9/22/2025,11,s=11;l=8.3;v=T;i=778
779,T,7,pG56MoPHzl,11/5/2025,242,v=T;i=779;l=7.0;s=242
780,T,8.3,Wtshw0CUVW,10/18/2025,186,s=186;v=T;i=780;l=8.3
781,F,6.9,BWnAgVGGea,8/26/2025,142,l=6.9;v=F;s=142;i=781
782,F,7.3,K0kUWPQjkr,11/17/2025,250,i=782;l=7.3;s=250;v=F
783,F,9.4,R4MfbnhQlV,9/6/2025,187,l=9.4;v=F;s=187;i=783
784,T,7,2fTqHkx176,11/21/2025,31,i=784;v=T;s=31;l=7.0
785,T,9.8,k1b7AnaWdW,10/15/2025,139,s=139;l=9.8;i=785;v=T
786,T,6.9,b1aRu58UA5,11/30/2025,70,i=786;l=6.9;v=T;s=70
787,F,5.8,nKM4gCYFma,6/30/2025,221,l=5.8;v=F;i=787;s=221
788,T,9.9,WtcperEpTH,9/14/2025,163,l=9.9;v=T;i=788;s=163
789,T,8.6,zfI2ono3hH,11/30/2025,41,s=41;l=8.6;v=T;i=789
790,F,8.6,K0pmAcI3EN,7/3/2025,67,i=790;s=67;v=F;l=8.6
791,T,6.4,nLasufcnxn,7/30/2025,212,i=791;l=6.4;v=T;s=212
792,T,9.4,nvkUeql3mT,8/29/2025,132,v=T;s=132;l=9.4;i=792
793,F,6.1,3a1pBfqrbh,10/11/2025,156,i=793;v=F;s=156;l=6.1
794,T,9.2,8MOt88sMM7,7/5/2025,135,i=794;l=9.2;v=T;s=135
795,F,10.2,zhhvYnVGo5,10/17/2025,51,l=10.2;s=51;v=F;i=795
796,T,10,APmRw0uJmU,8/7/2025,233,v=T;s=233;l=10.0;i=796
797,T,9.9,QxJhzBZgOT,9/28/2025,20,l=9.9;i=797;v=T;s=20
798,F,6.5,ElfElcSEJI,11/7/2025,132,v=F;s=132;i=798;l=6.5
799,F,7.4,V2aHBqDeQk,11/19/2025,11,i=799;v=F;l=7.4;s=11
800,T,5.6,QK1XgQ9130,9/16/2025,57,i=800;s=57;v=T;l=5.6
801,T,8.9,lE7DZbpS4I,6/22/2025,42,s=42;l=8.9;i=801;v=T
802,T,7.4,eQlNXpTB3l,8/21/2025,173,l=7.4;s=173;i=802;v=T
803,T,8.1,bXn0dTxKf4,11/1/2025,6,l=8.1;s=6;v=T;i=803
804,F,5.8,A3c8jrp32G,11/29/2025,89,i=804;s=89;v=F;l=5.8
805,F,8.5,c7OyVKXtWn,11/21/2025,71,s=71;i=805;v=F;l=8.5
806,T,9.1,nprZdnP8Lt,11/20/2025,195,s=195;l=9.1;i=806;v=T
807,F,10.9,Jg9Zr2EFTx,10/31/2025,186,s=186;l=10.9;v=F;i=807
808,T,6.2,z7ZOOATzEN,12/7/2025,134,s=134;i=808;v=T;l=6.2
809,F,9,yVBKAXqSUn,8/6/2025,194,s=194;l=9.0;v=F;i=809
810,T,5.7,IenvhWU6zS,8/5/2025,162,v=T;i=810;s=162;l=5.7
811,F,7.2,4XvvSip4Fs,8/15/2025,34,s=34;i=811;l=7.2;v=F
812,T,9.5,KZjrmQUnkJ,11/21/2025,65,v=T;s=65;l=9.5;i=812
813,F,6.4,5JnEjm30x2,8/24/2025,111,i=813;v=F;s=111;l=6.4
814,F,6.7,jeKZUnrrXa,10/11/2025,116,v=F;l=6.7;i=814;s=116
815,F,9.7,FXJYpA9ljf,9/27/2025,156,v=F;l=9.7;s=156;i=815
816,T,8.1,Prvi3zmeMY,9/20/2025,211,i=816;s=211;v=T;l=8.1
817,T,6.8,MOru2Ppm7R,10/25/2025,121,s=121;l=6.8;v=T;i=817
818,F,8.5,j13zxKy1SN,7/14/2025,142,s=142;v=F;l=8.5;i=818
819,F,7.5,LtdT6OacKx,11/13/2025,130,v=F;l=7.5;s=130;i=819
820,T,7.7,HtoeQdO7d0,10/30/2025,1,v=T;i=820;l=7.7;s=1
821,T,10.3,pilIw36B4V,8/11/2025,149,l=10.3;i=821;v=T;s=149
822,F,5.6,O0bkJfBtby,10/22/2025,11,i=822;v=F;s=11;l=5.6
823,T,8.4,drp41Sa7QO,11/24/2025,61,i=823;l=8.4;v=T;s=61
824,F,6.3,8nTlKFGhVT,1/5/2026,188,v=F;s=188;l=6.3;i=824
825,T,9.9,LsjkbE8Dx1,10/2/2025,4,l=9.9;v=T;i=825;s=4
826,F,10.5,oLVgHL65XH,7/20/2025,119,v=F;l=10.5;s=119;i=826
827,T,6.4,NDR8WhI02U,10/6/2025,53,i=827;s=53;v=T;l=6.4
828,F,9.8,oNplwJxYJl,10/4/2025,23,s=23;v=F;l=9.8;i=828
829,F,5.6,7hyyCNQ5mh,1/3/2026,145,l=5.6;s=145;i=829;v=F
830,F,7.5,kyrRLcGYGI,8/26/2025,247,l=7.5;i=830;v=F;s=247
831,F,5.5,VL5dTbEnNT,10/1/2025,137,s=137;l=5.5;v=F;i=831
832,F,10.4,AJrIzwGONe,10/19/2025,75,i=832;v=F;s=75;l=10.4
833,F,5.6,e2scdzKn5w,7/26/2025,149,i=833;l=5.6;v=F;s=149
834,T,8.8,DWeyFPjdPv,8/30/2025,189,l=8.8;s=189;i=834;v=T
835,F,7,pGO7A47tq5,8/14/2025,17,l=7.0;s=17;v=F;i=835
836,F,6.4,iO8dZS4nWR,10/9/2025,42,v=F;i=836;s=42;l=6.4
837,F,8.9,UZ26ZFpq0G,12/23/2025,204,s=204;l=8.9;v=F;i=837
838,F,7.9,vOt830Qtva,10/29/2025,147,i=838;s=147;v=F;l=7.9
839,F,9.7,GuCsF89LrC,11/19/2025,170,l=9.7;s=170;v=F;i=839
840,F,8.3,8bOL6WGEwf,6/26/2025,234,v=F;l=8.3;s=234;i=840
841,T,9.7,LGsJPtuwYv,9/11/2025,117,i=841;s=117;v=T;l=9.7
842,T,8,73Qe1ORybR,9/5/2025,159,i=842;s=159;l=8.0;v=T
843,F,8.2,zopL7pRVyO,6/30/2025,77,s=77;v=F;l=8.2;i=843
844,F,7.2,Yw3So4i5uF,8/18/2025,224,v=F;i=844;s=224;l=7.2
845,F,8.9,PGPaH5TvZ5,7/22/2025,95,v=F;i=845;s=95;l=8.9
846,T,9.7,RCkrE91qqI,8/26/2025,109,i=846;l=9.7;v=T;s=109
847,F,5.7,AgNlYDKpI9,11/30/2025,35,i=847;v=F;s=35;l=5.7
848,F,9.8,U3ulPmHSXL,12/29/2025,212,v=F;s=212;i=848;l=9.8
849,F,9.4,vTNPU0RNiR,10/16/2025,48,l=9.4;i=849;v=F;s=48
850,T,9.7,VhPFsyzPya,10/4/2025,83,s=83;i=850;v=T;l=9.7
851,T,9.1,SLyaQxuIxB,10/30/2025,43,i=851;v=T;l=9.1;s=43
852,F,7.5,8KMteeE58k,10/26/2025,122,s=122;v=F;l=7.5;i=852
853,F,9.3,xI7PU6tHjO,11/19/2025,97,s=97;l=9.3;i=853;v=F
854,F,10.4,uJyQZu02gR,11/2/2025,114,i=854;l=10.4;v=F;s=114
855,F,9.1,xRlf347iV0,10/17/2025,135,l=9.1;i=855;s=135;v=F
856,T,10.6,c1ap7NTNTA,12/27/2025,124,l=10.6;i=856;v=T;s=124
857,T,7.3,7Aqziy37EZ,11/17/2025,152,s=152;v=T;i=857;l=7.3
858,T,9.2,CZgk6GXmdE,7/19/2025,145,l=9.2;i=858;s=145;v=T
859,F,9.6,mLaV7qFZcr,11/21/2025,154,v=F;l=9.6;s=154;i=859
860,T,10.8,6jDband5Nf,12/20/2025,41,l=10.8;s=41;i=860;v=T
861,F,8.7,8xqGHMbCZS,8/9/2025,249,i=861;l=8.7;v=F;s=249
862,F,9.3,tlUHy2TUud,7/16/2025,103,s=103;i=862;v=F;l=9.3
863,F,6.8,z4ZrzAzk19,7/26/2025,210,v=F;l=6.8;s=210;i=863
864,T,9.7,Yu461QxdOg,11/5/2025,227,i=864;v=T;l=9.7;s=227
865,F,9.8,GTvKvCuKrF,7/5/2025,124,i=865;v=F;s=124;l=9.8
866,F,7.8,DCTPJpAtpC,11/17/2025,250,v=F;i=866;s=250;l=7.8
867,F,9.3,W9HQHchlXi,8/1/2025,147,i=867;v=F;s=147;l=9.3
868,T,8.2,BzyPEZqbpw,7/17/2025,193,l=8.2;i=868;v=T;s=193
869,F,6.3,mwa8L29pyC,8/3/2025,41,s=41;i=869;l=6.3;v=F
870,T,8.1,FR2mVGCZvP,12/22/2025,119,i=870;l=8.1;v=T;s=119
871,T,9.2,7mia84fNDt,12/26/2025,113,l=9.2;i=871;v=T;s=113
872,F,6.2,WXSlav8tX7,11/3/2025,52,l=6.2;i=872;v=F;s=52
873,T,8,hiIi5KYwaA,8/16/2025,48,v=T;l=8.0;s=48;i=873
874,T,10.4,hTemlwq5vd,7/7/2025,220,v=T;l=10.4;s=220;i=874
875,T,6.4,8ePb7VyqOC,6/28/2025,121,s=121;l=6.4;v=T;i=875
876,F,9.4,phTJhw8uYC,12/22/2025,38,v=F;s=38;i=876;l=9.4
877,T,6.6,iQS7iHIMvq,12/25/2025,86,i=877;l=6.6;s=86;v=T
878,F,7.2,cXOEs8Ispj,8/9/2025,117,s=117;i=878;v=F;l=7.2
879,F,6.5,YJ8oGccCtm,11/6/2025,190,l=6.5;s=190;i=879;v=F
880,F,8.2,ucrLMnvQzB,10/30/2025,160,s=160;l=8.2;v=F;i=880
881,T,8.2,eBNa6vXpbk,10/18/2025,54,l=8.2;i=881;v=T;s=54
882,T,7,upanZSKzMP,7/22/2025,74,v=T;s=74;l=7.0;i=882
883,F,8.8,oWAeDyLFSV,9/13/2025,25,v=F;i=883;l=8.8;s=25
884,T,8.6,OOxneVngYW,11/12/2025,229,s=229;l=8.6;v=T;i=884
885,F,10.6,g5ZMqHeZ0s,6/30/2025,205,v=F;l=10.6;s=205;i=885
886,F,5.6,3eDVTYayab,11/16/2025,134,l=5.6;s=134;v=F;i=886
887,F,9,T5au2wV4TS,11/4/2025,242,l=9.0;v=F;s=242;i=887
888,F,10,jHy7VeCEn3,10/9/2025,128,i=888;v=F;l=10.0;s=128
889,F,7.7,3aFoTNYxhC,10/12/2025,33,s=33;l=7.7;v=F;i=889
890,T,7.5,WH6WBb9ceS,9/9/2025,,v=T;l=7.5;i=890;s=97
891,T,10.3,VAnZ7lPDFu,7/15/2025,222,s=222;v=T;l=10.3;i=891
892,F,8.7,SpKVoWBItt,7/18/2025,246,i=892;s=246;l=8.7;v=F
893,T,6.5,zI746KelmR,9/13/2025,220,l=6.5;s=220;i=893;v=T
894,T,6,FDa8I2t9FM,11/20/2025,187,l=6.0;i=894;v=T;s=187
895,T,10.5,QdWJPLE1sI,1/3/2026,57,s=57;i=895;l=10.5;v=T
896,F,7.7,g6gE8tcevJ,11/6/2025,103,s=103;i=896;v=F;l=7.7
897,F,6.9,G7ddoY41Is,6/28/2025,160,l=6.9;v=F;s=160;i=897
898,F,7.8,emUq0PUaxN,12/1/2025,200,l=7.8;i=898;s=200;v=F
899,F,9.2,Bgw6vffQ46,10/10/2025,213,l=9.2;i=899;v=F;s=213
900,F,9.6,b4L1cou7Bi,11/1/2025,211,l=9.6;i=900;v=F;s=211
901,T,8.2,RRfiIPbpSG,8/2/2025,92,s=92;l=8.2;v=T;i=901
902,F,7.8,GUuuZ2ZkOu,8/26/2025,29,s=29;i=902;v=F;l=7.8
903,T,5.8,b3ZTo39Wlg,12/25/2025,145,l=5.8;v=T;s=145;i=903
904,F,8.2,qaXKPdct6p,11/24/2025,49,l=8.2;v=F;s=49;i=904
905,T,8,lRnDScunhl,10/20/2025,108,i=905;s=108;l=8.0;v=T
906,F,7.3,sHEz48MBIP,7/29/2025,189,l=7.3;i=906;v=F;s=189
907,T,8.5,eyCiPnArwD,10/16/2025,108,s=108;i=907;l=8.5;v=T
908,T,10.6,eNcWZZTx68,12/24/2025,10,v=T;l=10.6;s=10;i=908
909,T,7.3,nP9rQTKxnZ,8/23/2025,21,i=909;l=7.3;s=21;v=T
910,T,8.1,kbERLh4VJu,11/29/2025,,l=8.1;i=910;v=T;s=195
911,T,8.8,1rknQPFQ4i,10/29/2025,168,l=8.8;i=911;s=168;v=T
912,T,10.5,qHZb55hP8f,8/24/2025,122,v=T;s=122;i=912;l=10.5
913,F,10.3,vLRZdhuZXb,9/4/2025,106,l=10.3;v=F;i=913;s=106
914,T,5.7,KqPR20f07G,11/3/2025,163,v=T;l=5.7;i=914;s=163
915,F,6.5,8Ytrifhq67,7/6/2025,26,s=26;v=F;i=915;l=6.5
916,T,9,BrdBnm5C5h,12/25/2025,229,v=T;s=229;i=916;l=9.0
917,F,8.2,btCH0tXo0q,7/7/2025,79,i=917;s=79;l=8.2;v=F
918,T,6.5,c9NkFYUhVo,12/8/2025,54,v=T;l=6.5;s=54;i=918
919,F,6.5,W8fo6d8Pyc,11/3/2025,25,i=919;l=6.5;s=25;v=F
920,F,6.8,wxlYdlbMyI,8/27/2025,176,s=176;v=F;i=920;l=6.8
921,F,10.7,uo8T7Efbug,7/9/2025,250,l=10.7;i=921;v=F;s=250
922,F,9.6,f8QNHgyvq4,11/2/2025,93,l=9.6;v=F;i=922;s=93
923,F,6.3,AQYGGMt3yC,7/9/2025,167,l=6.3;i=923;s=167;v=F
924,T,7.8,F6FTs1qojV,11/24/2025,139,l=7.8;s=139;v=T;i=924
925,T,10.9,2CA4bzwOOV,8/9/2025,70,l=10.9;v=T;i=925;s=70
926,F,9,hhNYESEDRt,11/25/2025,170,i=926;l=9.0;s=170;v=F
927,F,7,9RQTQCconw,8/2/2025,135,v=F;l=7.0;s=135;i=927
928,T,6.6,w2tTF9pLTl,10/4/2025,179,i=928;v=T;l=6.6;s=179
929,T,10.2,IyIHFwgN5x,10/17/2025,16,i=929;v=T;l=10.2;s=16
930,F,7.2,ipggX0MJuk,8/18/2025,240,l=7.2;i=930;v=F;s=240
931,F,5.9,tGoAHhL9iW,8/8/2025,51,v=F;i=931;l=5.9;s=51
932,F,6.6,8eaIOXDND4,6/29/2025,72,v=F;s=72;i=932;l=6.6
933,T,6.7,v1cR7YYlpC,7/14/2025,188,l=6.7;s=188;v=T;i=933
934,T,10.8,L0A9mYCSbM,7/24/2025,28,v=T;s=28;l=10.8;i=934
935,T,9.9,pD5g3Dd9pk,9/13/2025,113,l=9.9;s=113;v=T;i=935
936,F,6.7,tysQl8j3yB,10/22/2025,206,s=206;v=F;i=936;l=6.7
937,T,8.2,wfBHftnqsf,10/20/2025,74,l=8.2;v=T;s=74;i=937
938,F,9.3,ga47vM8xvy,8/11/2025,198,l=9.3;s=198;v=F;i=938
939,T,10.1,ysc9mvgrvL,6/28/2025,213,v=T;l=10.1;s=213;i=939
940,F,9.4,8Bvn1BmHde,1/1/2026,128,i=940;v=F;s=128;l=9.4
941,F,5.8,EA1pilU183,12/17/2025,245,l=5.8;i=941;v=F;s=245
942,F,10.7,TpQ95XOUvt,12/30/2025,233,i=942;v=F;l=10.7;s=233
943,F,9.3,gKRD2ctoAw,12/7/2025,211,v=F;l=9.3;i=943;s=211
944,F,10.7,F9O0yXmLYj,12/8/2025,186,i=944;v=F;l=10.7;s=186
945,F,,jVhvG7i3AS,7/4/2025,220,l=7.3;v=F;i=945;s=220
946,F,8.8,iltRtLVu1b,10/1/2025,85,l=8.8;v=F;i=946;s=85
947,T,10.7,2Ix8PdnvXO,11/30/2025,75,v=T;i=947;s=75;l=10.7
948,F,9.3,ekF017Jy2P,10/7/2025,195,s=195;i=948;l=9.3;v=F
949,F,7.9,zfpf3WUjGD,11/14/2025,20,s=20;l=7.9;i=949;v=F
950,T,7.4,AzIoFCsZKa,12/4/2025,,s=54;v=T;l=7.4;i=950
951,F,9.9,lDiQsusBcf,8/29/2025,173,i=951;l=9.9;v=F;s=173
952,T,6.3,omcmsjq29R,10/27/2025,65,v=T;i=952;l=6.3;s=65
953,F,9.9,ctjzH5I3sQ,12/7/2025,124,i=953;l=9.9;v=F;s=124
954,T,8.8,EgeNnRGsds,7/23/2025,241,i=954;l=8.8;v=T;s=241
955,T,8.2,jcsq01As8p,7/26/2025,40,i=955;s=40;l=8.2;v=T
956,F,10.5,nJy82m1IQC,11/7/2025,90,i=956;s=90;l=10.5;v=F
957,F,8.8,7QMzbsDx4R,11/15/2025,114,s=114;l=8.8;i=957;v=F
958,F,10,FFw6MLw1GC,12/30/2025,194,v=F;l=10.0;i=958;s=194
959,T,6.1,lIC5n2lJp8,9/26/2025,162,i=959;v=T;l=6.1;s=162
960,F,10.2,gFpXg50Bkr,12/3/2025,239,v=F;i=960;l=10.2;s=239
961,T,9.1,LPqPPHAGlf,12/10/2025,227,s=227;l=9.1;i=961;v=T
962,F,8.5,nUOwc9xCoI,10/16/2025,77,i=962;v=F;l=8.5;s=77
963,F,7.1,gbkGIINKLY,10/13/2025,148,l=7.1;i=963;v=F;s=148
964,F,8.5,X3upVqtAa4,9/22/2025,110,s=110;l=8.5;i=964;v=F
965,F,8.3,agfj69IOk7,10/29/2025,103,i=965;v=F;l=8.3;s=103
966,F,6.8,rJ3aMMjB1y,12/14/2025,114,v=F;s=114;l=6.8;i=966
967,F,5.7,lUBo1qsQYW,7/9/2025,63,v=F;i=967;l=5.7;s=63
968,T,9.8,ife2d5bPwX,8/2/2025,190,l=9.8;s=190;i=968;v=T
969,T,6.7,Gj6NCtskTk,12/18/2025,11,v=T;l=6.7;i=969;s=11
970,F,6.1,2GyvjGXGZd,11/26/2025,32,s=32;i=970;l=6.1;v=F
971,F,7.6,PnYUCo7jDD,7/1/2025,170,l=7.6;v=F;i=971;s=170
972,T,8.4,o3cSV1Ms7p,8/17/2025,54,v=T;s=54;l=8.4;i=972
973,T,8.6,PGEsCYiySe,6/30/2025,2,v=T;l=8.6;s=2;i=973
974,F,7.2,RyGq1qowzm,12/30/2025,85,l=7.2;v=F;s=85;i=974
975,F,5.8,gRt6Nb5TH0,11/26/2025,223,l=5.8;i=975;s=223;v=F
976,F,9.4,06oQ8W4n1v,7/26/2025,24,s=24;i=976;l=9.4;v=F
977,T,10.7,q2PO1mHVCh,9/11/2025,192,l=10.7;s=192;i=977;v=T
978,F,7.6,pfrAUnzE03,1/5/2026,188,i=978;l=7.6;s=188;v=F
979,T,9.3,qu9wfQWsrc,7/30/2025,37,v=T;s=37;i=979;l=9.3
980,F,9.8,pxK6mtMCOJ,8/10/2025,176,v=F;s=176;l=9.8;i=980
981,T,10.8,455l3EDVWb,11/15/2025,208,l=10.8;s=208;i=981;v=T
982,T,9.4,nc4jcOiU7c,7/14/2025,55,v=T;s=55;i=982;l=9.4
983,T,9.2,4Ul0MISkIl,8/1/2025,66,l=9.2;i=983;s=66;v=T
984,F,10.7,Vs6zJrPe4D,11/9/2025,3,s=3;l=10.7;i=984;v=F
985,T,10.7,rabGLnipEP,9/27/2025,24,l=10.7;s=24;i=985;v=T
986,T,8,92EfEXaNo2,10/16/2025,63,i=986;v=T;l=8.0;s=63
987,F,9.7,866S9PHdhE,11/29/2025,34,s=34;l=9.7;v=F;i=987
988,T,7,ZunPHDMVLd,12/7/2025,153,s=153;i=988;v=T;l=7.0
989,T,10.4,XuZ6Wfwl4N,9/4/2025,20,l=10.4;i=989;v=T;s=20
990,F,10,6FrdzZtsGR,9/6/2025,132,i=990;l=10.0;s=132;v=F
991,F,7.5,E8WH2PrRr6,9/23/2025,195,i=991;s=195;l=7.5;v=F
992,F,6.2,330IK06DAB,12/31/2025,123,i=992;v=F;l=6.2;s=123
993,T,8,xA3aLZUC7H,12/17/2025,30,s=30;l=8.0;i=993;v=T
994,F,5.7,SpRyhFRe7z,9/29/2025,123,v=F;l=5.7;s=123;i=994
995,F,9,WU1mr8fOWo,9/24/2025,97,v=F;l=9.0;s=97;i=995
996,T,6.3,nBByrn9i5V,11/2/2025,138,v=T;s=138;l=6.3;i=996
997,T,9,lFeuMBpR1j,10/30/2025,114,s=114;v=T;l=9.0;i=997
998,F,8.4,YBYvZwHC7O,7/10/2025,64,i=998;v=F;l=8.4;s=64
999,T,10.6,1Z80czbzRT,7/4/2025,217,s=217;v=T;l=10.6;i=999
